t_sec,turn_class,hill_class,turn_angle_deg,hill_angle_deg,is_straight
0.000,0,1,0.0,4.0,0
0.000,0,1,0.0,4.0,0
0.000,0,1,0.0,4.0,0
0.000,0,1,0.0,4.0,0
0.000,0,1,0.0,4.0,0
0.000,0,1,0.0,4.0,0
0.000,0,1,0.0,4.0,0
0.000,0,1,0.0,4.0,0
0.000,0,1,0.0,4.0,0
0.000,0,1,0.0,4.0,0
0.000,0,1,0.0,4.0,0
0.000,0,1,0.0,4.0,0
0.100,0,1,0.0,4.0,0
0.100,0,1,0.0,4.0,0
0.100,0,1,0.0,4.0,0
0.100,0,1,0.0,4.0,0
0.100,0,1,0.0,4.0,0
0.100,0,1,0.0,4.0,0
0.100,0,1,0.0,4.0,0
0.100,0,1,0.0,4.0,0
0.100,0,1,0.0,4.0,0
0.100,0,1,0.0,4.0,0
0.200,0,1,0.0,4.0,0
0.200,0,1,0.0,4.0,0
0.200,0,1,0.0,4.0,0
0.200,0,1,0.0,4.0,0
0.200,0,1,0.0,4.0,0
0.200,0,1,0.0,4.0,0
0.200,0,1,0.0,4.0,0
0.200,0,1,0.0,4.0,0
0.200,0,1,0.0,4.0,0
0.200,0,1,0.0,4.0,0
0.200,0,1,0.0,4.0,0
0.300,0,1,0.0,4.0,0
0.300,0,1,0.0,4.0,0
0.300,0,1,0.0,4.0,0
0.300,0,1,0.0,4.0,0
0.300,0,1,0.0,4.0,0
0.300,0,1,0.0,4.0,0
0.300,0,1,0.0,4.0,0
0.300,0,1,0.0,4.0,0
0.300,0,1,0.0,4.0,0
0.300,0,1,0.0,4.0,0
0.400,0,1,0.0,4.0,0
0.400,0,1,0.0,4.0,0
0.400,0,1,0.0,4.0,0
0.400,0,1,0.0,4.0,0
0.400,0,1,0.0,4.0,0
0.400,0,1,0.0,4.0,0
0.400,0,1,0.0,4.0,0
0.400,0,1,0.0,4.0,0
0.400,0,1,0.0,4.0,0
0.400,0,1,0.0,4.0,0
0.400,0,1,0.0,4.0,0
0.500,0,1,0.0,4.0,0
0.500,0,1,0.0,4.0,0
0.500,0,1,0.0,4.0,0
0.500,0,1,0.0,4.0,0
0.500,0,1,0.0,4.0,0
0.500,0,1,0.0,4.0,0
0.500,0,1,0.0,4.0,0
0.500,0,1,0.0,4.0,0
0.500,0,1,0.0,4.0,0
0.500,0,1,0.0,4.0,0
0.600,0,1,0.0,4.0,0
0.600,0,1,0.0,4.0,0
0.600,0,1,0.0,4.0,0
0.600,0,1,0.0,4.0,0
0.600,0,1,0.0,4.0,0
0.600,0,1,0.0,4.0,0
0.600,0,1,0.0,4.0,0
0.600,0,1,0.0,4.0,0
0.600,0,1,0.0,4.0,0
0.600,0,1,0.0,4.0,0
0.700,0,1,0.0,4.0,0
0.700,0,1,0.0,4.0,0
0.700,0,1,0.0,4.0,0
0.700,0,1,0.0,4.0,0
0.700,0,1,0.0,4.0,0
0.700,0,1,0.0,4.0,0
0.700,0,1,0.0,4.0,0
0.700,0,1,0.0,4.0,0
0.700,0,1,0.0,4.0,0
0.700,0,1,0.0,4.0,0
0.700,0,1,0.0,4.0,0
0.800,0,1,0.0,4.0,0
0.800,0,1,0.0,4.0,0
0.800,0,1,0.0,4.0,0
0.800,0,1,0.0,4.0,0
0.800,0,1,0.0,4.0,0
0.800,0,1,0.0,4.0,0
0.800,0,1,0.0,4.0,0
0.800,0,1,0.0,4.0,0
0.800,0,1,0.0,4.0,0
0.800,0,1,0.0,4.0,0
0.900,0,1,0.0,4.0,0
0.900,0,1,0.0,4.0,0
0.900,0,1,0.0,4.0,0
0.900,0,1,0.0,4.0,0
0.900,0,1,0.0,4.0,0
0.900,0,1,0.0,4.0,0
0.900,0,1,0.0,4.0,0
0.900,0,1,0.0,4.0,0
0.900,0,1,0.0,4.0,0
0.900,0,1,0.0,4.0,0
0.900,0,1,0.0,4.0,0
1.000,0,1,0.0,4.0,0
1.000,0,1,0.0,4.0,0
1.000,0,1,0.0,4.0,0
1.000,0,1,0.0,4.0,0
1.000,0,1,0.0,4.0,0
1.000,0,1,0.0,4.0,0
1.000,0,1,0.0,4.0,0
1.000,0,1,0.0,4.0,0
1.000,0,1,0.0,4.0,0
1.000,0,1,0.0,4.0,0
1.100,0,1,0.0,4.0,0
1.100,0,1,0.0,4.0,0
1.100,0,1,0.0,4.0,0
1.100,0,1,0.0,4.0,0
1.100,0,1,0.0,4.0,0
1.100,0,1,0.0,4.0,0
1.100,0,1,0.0,4.0,0
1.100,0,1,0.0,4.0,0
1.100,0,1,0.0,4.0,0
1.100,0,1,0.0,4.0,0
1.100,0,1,0.0,4.0,0
1.200,0,1,0.0,4.0,0
1.200,0,1,0.0,4.0,0
1.200,0,1,0.0,4.0,0
1.200,0,1,0.0,4.0,0
1.200,0,1,0.0,4.0,0
1.200,0,1,0.0,4.0,0
1.200,0,1,0.0,4.0,0
1.200,0,1,0.0,4.0,0
1.200,0,1,0.0,4.0,0
1.200,0,1,0.0,4.0,0
1.300,0,1,0.0,4.0,0
1.300,0,1,0.0,4.0,0
1.300,0,1,0.0,4.0,0
1.300,0,1,0.0,4.0,0
1.300,0,1,0.0,4.0,0
1.300,0,1,0.0,4.0,0
1.300,0,1,0.0,4.0,0
1.300,0,1,0.0,4.0,0
1.300,0,1,0.0,4.0,0
1.300,0,1,0.0,4.0,0
1.400,0,1,0.0,4.0,0
1.400,0,1,0.0,4.0,0
1.400,0,1,0.0,4.0,0
1.400,0,1,0.0,4.0,0
1.400,0,1,0.0,4.0,0
1.400,0,1,0.0,4.0,0
1.400,0,1,0.0,4.0,0
1.400,0,1,0.0,4.0,0
1.400,0,1,0.0,4.0,0
1.400,0,1,0.0,4.0,0
1.400,0,1,0.0,4.0,0
1.500,0,1,0.0,4.0,0
1.500,0,1,0.0,4.0,0
1.500,0,1,0.0,4.0,0
1.500,0,1,0.0,4.0,0
1.500,0,1,0.0,4.0,0
1.500,0,1,0.0,4.0,0
1.500,0,1,0.0,4.0,0
1.500,0,1,0.0,4.0,0
1.500,0,1,0.0,4.0,0
1.500,0,1,0.0,4.0,0
1.600,0,1,0.0,4.0,0
1.600,0,1,0.0,4.0,0
1.600,0,1,0.0,4.0,0
1.600,0,1,0.0,4.0,0
1.600,0,1,0.0,4.0,0
1.600,0,1,0.0,4.0,0
1.600,0,1,0.0,4.0,0
1.600,0,1,0.0,4.0,0
1.600,0,1,0.0,4.0,0
1.600,0,1,0.0,4.0,0
1.600,0,1,0.0,4.0,0
1.700,0,1,0.0,4.0,0
1.700,0,1,0.0,4.0,0
1.700,0,1,0.0,4.0,0
1.700,0,1,0.0,4.0,0
1.700,0,1,0.0,4.0,0
1.700,0,1,0.0,4.0,0
1.700,0,1,0.0,4.0,0
1.700,0,1,0.0,4.0,0
1.700,0,1,0.0,4.0,0
1.700,0,1,0.0,4.0,0
1.800,0,1,0.0,4.0,0
1.800,0,1,0.0,4.0,0
1.800,0,1,0.0,4.0,0
1.800,0,1,0.0,4.0,0
1.800,0,1,0.0,4.0,0
1.800,0,1,0.0,4.0,0
1.800,0,1,0.0,4.0,0
1.800,0,1,0.0,4.0,0
1.800,0,1,0.0,4.0,0
1.800,0,1,0.0,4.0,0
1.800,0,1,0.0,4.0,0
1.900,0,1,0.0,4.0,0
1.900,0,1,0.0,4.0,0
1.900,0,1,0.0,4.0,0
1.900,0,1,0.0,4.0,0
1.900,0,1,0.0,4.0,0
1.900,0,1,0.0,4.0,0
1.900,0,1,0.0,4.0,0
1.900,0,1,0.0,4.0,0
1.900,0,1,0.0,4.0,0
1.900,0,1,0.0,4.0,0
2.000,0,1,0.0,4.0,0
2.000,0,1,0.0,4.0,0
2.000,0,1,0.0,4.0,0
2.000,0,1,0.0,4.0,0
2.000,0,1,0.0,4.0,0
2.000,0,1,0.0,4.0,0
2.000,0,1,0.0,4.0,0
2.000,0,1,0.0,4.0,0
2.000,0,1,0.0,4.0,0
2.000,0,1,0.0,4.0,0
2.000,0,1,0.0,4.0,0
2.100,0,1,0.0,4.0,0
2.100,0,1,0.0,4.0,0
2.100,0,1,0.0,4.0,0
2.100,0,1,0.0,4.0,0
2.100,0,1,0.0,4.0,0
2.100,0,1,0.0,4.0,0
2.100,0,1,0.0,4.0,0
2.100,0,1,0.0,4.0,0
2.100,0,1,0.0,4.0,0
2.100,0,1,0.0,4.0,0
2.200,0,1,0.0,4.0,0
2.200,0,1,0.0,4.0,0
2.200,0,1,0.0,4.0,0
2.200,0,1,0.0,4.0,0
2.200,0,1,0.0,4.0,0
2.200,0,1,0.0,4.0,0
2.200,0,1,0.0,4.0,0
2.200,0,1,0.0,4.0,0
2.200,0,1,0.0,4.0,0
2.200,0,1,0.0,4.0,0
2.300,0,1,0.0,4.0,0
2.300,0,1,0.0,4.0,0
2.300,0,1,0.0,4.0,0
2.300,0,1,0.0,4.0,0
2.300,0,1,0.0,4.0,0
2.300,0,1,0.0,4.0,0
2.300,0,1,0.0,4.0,0
2.300,0,1,0.0,4.0,0
2.300,0,1,0.0,4.0,0
2.300,0,1,0.0,4.0,0
2.300,0,1,0.0,4.0,0
2.400,0,1,0.0,4.0,0
2.400,0,1,0.0,4.0,0
2.400,0,1,0.0,4.0,0
2.400,0,1,0.0,4.0,0
2.400,0,1,0.0,4.0,0
2.400,0,1,0.0,4.0,0
2.400,0,1,0.0,4.0,0
2.400,0,1,0.0,4.0,0
2.400,0,1,0.0,4.0,0
2.400,0,1,0.0,4.0,0
2.500,0,1,0.0,4.0,0
2.500,0,1,0.0,4.0,0
2.500,0,1,0.0,4.0,0
2.500,0,1,0.0,4.0,0
2.500,0,1,0.0,4.0,0
2.500,0,1,0.0,4.0,0
2.500,0,1,0.0,4.0,0
2.500,0,1,0.0,4.0,0
2.500,0,1,0.0,4.0,0
2.500,0,1,0.0,4.0,0
2.500,0,1,0.0,4.0,0
2.600,0,1,0.0,4.0,0
2.600,0,1,0.0,4.0,0
2.600,0,1,0.0,4.0,0
2.600,0,1,0.0,4.0,0
2.600,0,1,0.0,4.0,0
2.600,0,1,0.0,4.0,0
2.600,0,1,0.0,4.0,0
2.600,0,1,0.0,4.0,0
2.600,0,1,0.0,4.0,0
2.600,0,1,0.0,4.0,0
2.700,0,1,0.0,4.0,0
2.700,0,1,0.0,4.0,0
2.700,0,1,0.0,4.0,0
2.700,0,1,0.0,4.0,0
2.700,0,1,0.0,4.0,0
2.700,0,1,0.0,4.0,0
2.700,0,1,0.0,4.0,0
2.700,0,1,0.0,4.0,0
2.700,0,1,0.0,4.0,0
2.700,0,1,0.0,4.0,0
2.700,0,1,0.0,4.0,0
2.800,0,1,0.0,4.0,0
2.800,0,1,0.0,4.0,0
2.800,0,1,0.0,4.0,0
2.800,0,1,0.0,4.0,0
2.800,0,1,0.0,4.0,0
2.800,0,1,0.0,4.0,0
2.800,0,1,0.0,4.0,0
2.800,0,1,0.0,4.0,0
2.800,0,1,0.0,4.0,0
2.800,0,1,0.0,4.0,0
2.900,0,1,0.0,4.0,0
2.900,0,1,0.0,4.0,0
2.900,0,1,0.0,4.0,0
2.900,0,1,0.0,4.0,0
2.900,0,1,0.0,4.0,0
2.900,0,1,0.0,4.0,0
2.900,0,1,0.0,4.0,0
2.900,0,1,0.0,4.0,0
2.900,0,1,0.0,4.0,0
2.900,0,1,0.0,4.0,0
3.000,0,1,0.0,4.0,0
3.000,0,1,0.0,4.0,0
3.000,0,1,0.0,4.0,0
3.000,0,1,0.0,4.0,0
3.000,0,1,0.0,4.0,0
3.000,0,1,0.0,4.0,0
3.000,0,1,0.0,4.0,0
3.000,0,1,0.0,4.0,0
3.000,0,1,0.0,4.0,0
3.000,0,1,0.0,4.0,0
3.000,0,1,0.0,4.0,0
3.100,0,1,0.0,4.0,0
3.100,0,1,0.0,4.0,0
3.100,0,1,0.0,4.0,0
3.100,0,1,0.0,4.0,0
3.100,0,1,0.0,4.0,0
3.100,0,1,0.0,4.0,0
3.100,0,1,0.0,4.0,0
3.100,0,1,0.0,4.0,0
3.100,0,1,0.0,4.0,0
3.100,0,1,0.0,4.0,0
3.200,0,1,0.0,4.0,0
3.200,0,1,0.0,4.0,0
3.200,0,1,0.0,4.0,0
3.200,0,1,0.0,4.0,0
3.200,0,1,0.0,4.0,0
3.200,0,1,0.0,4.0,0
3.200,0,1,0.0,4.0,0
3.200,0,1,0.0,4.0,0
3.200,0,1,0.0,4.0,0
3.200,0,1,0.0,4.0,0
3.200,0,1,0.0,4.0,0
3.300,0,1,0.0,4.0,0
3.300,0,1,0.0,4.0,0
3.300,0,1,0.0,4.0,0
3.300,0,1,0.0,4.0,0
3.300,0,1,0.0,4.0,0
3.300,0,1,0.0,4.0,0
3.300,0,1,0.0,4.0,0
3.300,0,1,0.0,4.0,0
3.300,0,1,0.0,4.0,0
3.300,0,1,0.0,4.0,0
3.400,0,1,0.0,4.0,0
3.400,0,1,0.0,4.0,0
3.400,0,1,0.0,4.0,0
3.400,0,1,0.0,4.0,0
3.400,0,1,0.0,4.0,0
3.400,0,1,0.0,4.0,0
3.400,0,1,0.0,4.0,0
3.400,0,1,0.0,4.0,0
3.400,0,1,0.0,4.0,0
3.400,0,1,0.0,4.0,0
3.400,0,1,0.0,4.0,0
3.500,0,1,0.0,4.0,0
3.500,0,1,0.0,4.0,0
3.500,0,1,0.0,4.0,0
3.500,0,1,0.0,4.0,0
3.500,0,1,0.0,4.0,0
3.500,0,1,0.0,4.0,0
3.500,0,1,0.0,4.0,0
3.500,0,1,0.0,4.0,0
3.500,0,1,0.0,4.0,0
3.500,0,1,0.0,4.0,0
3.600,0,1,0.0,4.0,0
3.600,0,1,0.0,4.0,0
3.600,0,1,0.0,4.0,0
3.600,0,1,0.0,4.0,0
3.600,0,1,0.0,4.0,0
3.600,0,1,0.0,4.0,0
3.600,0,1,0.0,4.0,0
3.600,0,1,0.0,4.0,0
3.600,0,1,0.0,4.0,0
3.600,0,1,0.0,4.0,0
3.700,0,1,0.0,4.0,0
3.700,0,1,0.0,4.0,0
3.700,0,1,0.0,4.0,0
3.700,0,1,0.0,4.0,0
3.700,0,1,0.0,4.0,0
3.700,0,1,0.0,4.0,0
3.700,0,1,0.0,4.0,0
3.700,0,1,0.0,4.0,0
3.700,0,1,0.0,4.0,0
3.700,0,1,0.0,4.0,0
3.700,0,1,0.0,4.0,0
3.800,0,1,0.0,4.0,0
3.800,0,1,0.0,4.0,0
3.800,0,1,0.0,4.0,0
3.800,0,1,0.0,4.0,0
3.800,0,1,0.0,4.0,0
3.800,0,1,0.0,4.0,0
3.800,0,1,0.0,4.0,0
3.800,0,1,0.0,4.0,0
3.800,0,1,0.0,4.0,0
3.800,0,1,0.0,4.0,0
3.900,0,1,0.0,4.0,0
3.900,0,1,0.0,4.0,0
3.900,0,1,0.0,4.0,0
3.900,0,1,0.0,4.0,0
3.900,0,1,0.0,4.0,0
3.900,0,1,0.0,4.0,0
3.900,0,1,0.0,4.0,0
3.900,0,1,0.0,4.0,0
3.900,0,1,0.0,4.0,0
3.900,0,1,0.0,4.0,0
3.900,0,1,0.0,4.0,0
4.000,0,1,0.0,4.0,0
4.000,0,1,0.0,4.0,0
4.000,0,1,0.0,4.0,0
4.000,0,1,0.0,4.0,0
4.000,0,1,0.0,4.0,0
4.000,0,1,0.0,4.0,0
4.000,0,1,0.0,4.0,0
4.000,0,1,0.0,4.0,0
4.000,0,1,0.0,4.0,0
4.000,0,1,0.0,4.0,0
4.100,0,1,0.0,4.0,0
4.100,0,1,0.0,4.0,0
4.100,0,1,0.0,4.0,0
4.100,0,1,0.0,4.0,0
4.100,0,1,0.0,4.0,0
4.100,0,1,0.0,4.0,0
4.100,0,1,0.0,4.0,0
4.100,0,1,0.0,4.0,0
4.100,0,1,0.0,4.0,0
4.100,0,1,0.0,4.0,0
4.100,0,1,0.0,4.0,0
4.200,0,1,0.0,4.0,0
4.200,0,1,0.0,4.0,0
4.200,0,1,0.0,4.0,0
4.200,0,1,0.0,4.0,0
4.200,0,1,0.0,4.0,0
4.200,0,1,0.0,4.0,0
4.200,0,1,0.0,4.0,0
4.200,0,1,0.0,4.0,0
4.200,0,1,0.0,4.0,0
4.200,0,1,0.0,4.0,0
4.300,0,1,0.0,4.0,0
4.300,0,1,0.0,4.0,0
4.300,0,1,0.0,4.0,0
4.300,0,1,0.0,4.0,0
4.300,0,1,0.0,4.0,0
4.300,0,1,0.0,4.0,0
4.300,0,1,0.0,4.0,0
4.300,0,1,0.0,4.0,0
4.300,0,1,0.0,4.0,0
4.300,0,1,0.0,4.0,0
4.300,0,1,0.0,4.0,0
4.400,0,1,0.0,4.0,0
4.400,0,1,0.0,4.0,0
4.400,0,1,0.0,4.0,0
4.400,0,1,0.0,4.0,0
4.400,0,1,0.0,4.0,0
4.400,0,1,0.0,4.0,0
4.400,0,1,0.0,4.0,0
4.400,0,1,0.0,4.0,0
4.400,0,1,0.0,4.0,0
4.400,0,1,0.0,4.0,0
4.500,0,1,0.0,4.0,0
4.500,0,1,0.0,4.0,0
4.500,0,1,0.0,4.0,0
4.500,0,1,0.0,4.0,0
4.500,0,1,0.0,4.0,0
4.500,0,1,0.0,4.0,0
4.500,0,1,0.0,4.0,0
4.500,0,1,0.0,4.0,0
4.500,0,1,0.0,4.0,0
4.500,0,1,0.0,4.0,0
4.600,0,1,0.0,4.0,0
4.600,0,1,0.0,4.0,0
4.600,0,1,0.0,4.0,0
4.600,0,1,0.0,4.0,0
4.600,0,1,0.0,4.0,0
4.600,0,1,0.0,4.0,0
4.600,0,1,0.0,4.0,0
4.600,0,1,0.0,4.0,0
4.600,0,1,0.0,4.0,0
4.600,0,1,0.0,4.0,0
4.600,0,1,0.0,4.0,0
4.700,0,1,0.0,4.0,0
4.700,0,1,0.0,4.0,0
4.700,0,1,0.0,4.0,0
4.700,0,1,0.0,4.0,0
4.700,0,1,0.0,4.0,0
4.700,0,1,0.0,4.0,0
4.700,0,1,0.0,4.0,0
4.700,0,1,0.0,4.0,0
4.700,0,1,0.0,4.0,0
4.700,0,1,0.0,4.0,0
4.800,0,1,0.0,4.0,0
4.800,0,1,0.0,4.0,0
4.800,0,1,0.0,4.0,0
4.800,0,1,0.0,4.0,0
4.800,0,1,0.0,4.0,0
4.800,0,1,0.0,4.0,0
4.800,0,1,0.0,4.0,0
4.800,0,1,0.0,4.0,0
4.800,0,1,0.0,4.0,0
4.800,0,1,0.0,4.0,0
4.800,0,1,0.0,4.0,0
4.900,0,1,0.0,4.0,0
4.900,0,1,0.0,4.0,0
4.900,0,1,0.0,4.0,0
4.900,0,1,0.0,4.0,0
4.900,0,1,0.0,4.0,0
4.900,0,1,0.0,4.0,0
4.900,0,1,0.0,4.0,0
4.900,0,1,0.0,4.0,0
4.900,0,1,0.0,4.0,0
4.900,0,1,0.0,4.0,0
5.000,0,1,0.0,4.0,0
5.000,0,1,0.0,4.0,0
5.000,0,1,0.0,4.0,0
5.000,0,1,0.0,4.0,0
5.000,0,1,0.0,4.0,0
5.000,0,1,0.0,4.0,0
5.000,0,1,0.0,4.0,0
5.000,0,1,0.0,4.0,0
5.000,0,1,0.0,4.0,0
5.000,0,1,0.0,4.0,0
5.000,0,1,0.0,4.0,0
5.100,0,1,0.0,4.0,0
5.100,0,1,0.0,4.0,0
5.100,0,1,0.0,4.0,0
5.100,0,1,0.0,4.0,0
5.100,0,1,0.0,4.0,0
5.100,0,1,0.0,4.0,0
5.100,0,1,0.0,4.0,0
5.100,0,1,0.0,4.0,0
5.100,0,1,0.0,4.0,0
5.100,0,1,0.0,4.0,0
5.200,0,1,0.0,4.0,0
5.200,0,1,0.0,4.0,0
5.200,0,1,0.0,4.0,0
5.200,0,1,0.0,4.0,0
5.200,0,1,0.0,4.0,0
5.200,0,1,0.0,4.0,0
5.200,0,1,0.0,4.0,0
5.200,0,1,0.0,4.0,0
5.200,0,1,0.0,4.0,0
5.200,0,1,0.0,4.0,0
5.300,0,1,0.0,4.0,0
5.300,0,1,0.0,4.0,0
5.300,0,1,0.0,4.0,0
5.300,0,1,0.0,4.0,0
5.300,0,1,0.0,4.0,0
5.300,0,1,0.0,4.0,0
5.300,0,1,0.0,4.0,0
5.300,0,1,0.0,4.0,0
5.300,0,1,0.0,4.0,0
5.300,0,1,0.0,4.0,0
5.300,0,1,0.0,4.0,0
5.400,0,1,0.0,4.0,0
5.400,0,1,0.0,4.0,0
5.400,0,1,0.0,4.0,0
5.400,0,1,0.0,4.0,0
5.400,0,1,0.0,4.0,0
5.400,0,1,0.0,4.0,0
5.400,0,1,0.0,4.0,0
5.400,0,1,0.0,4.0,0
5.400,0,1,0.0,4.0,0
5.400,0,1,0.0,4.0,0
5.500,0,1,0.0,4.0,0
5.500,0,1,0.0,4.0,0
5.500,0,1,0.0,4.0,0
5.500,0,1,0.0,4.0,0
5.500,0,1,0.0,4.0,0
5.500,0,1,0.0,4.0,0
5.500,0,1,0.0,4.0,0
5.500,0,1,0.0,4.0,0
5.500,0,1,0.0,4.0,0
5.500,0,1,0.0,4.0,0
5.500,0,1,0.0,4.0,0
5.600,0,1,0.0,4.0,0
5.600,0,1,0.0,4.0,0
5.600,0,1,0.0,4.0,0
5.600,0,1,0.0,4.0,0
5.600,0,1,0.0,4.0,0
5.600,0,1,0.0,4.0,0
5.600,0,1,0.0,4.0,0
5.600,0,1,0.0,4.0,0
5.600,0,1,0.0,4.0,0
5.600,0,1,0.0,4.0,0
5.700,0,1,0.0,4.0,0
5.700,0,1,0.0,4.0,0
5.700,0,1,0.0,4.0,0
5.700,0,1,0.0,4.0,0
5.700,0,1,0.0,4.0,0
5.700,0,1,0.0,4.0,0
5.700,0,1,0.0,4.0,0
5.700,0,1,0.0,4.0,0
5.700,0,1,0.0,4.0,0
5.700,0,1,0.0,4.0,0
5.700,0,1,0.0,4.0,0
5.800,0,1,0.0,4.0,0
5.800,0,1,0.0,4.0,0
5.800,0,1,0.0,4.0,0
5.800,0,1,0.0,4.0,0
5.800,0,1,0.0,4.0,0
5.800,0,1,0.0,4.0,0
5.800,0,1,0.0,4.0,0
5.800,0,1,0.0,4.0,0
5.800,0,1,0.0,4.0,0
5.800,0,1,0.0,4.0,0
5.900,0,1,0.0,4.0,0
5.900,0,1,0.0,4.0,0
5.900,0,1,0.0,4.0,0
5.900,0,1,0.0,4.0,0
5.900,0,1,0.0,4.0,0
5.900,0,1,0.0,4.0,0
5.900,0,1,0.0,4.0,0
5.900,0,1,0.0,4.0,0
5.900,0,1,0.0,4.0,0
5.900,0,1,0.0,4.0,0
6.000,0,1,0.0,4.0,0
6.000,0,1,0.0,4.0,0
6.000,0,1,0.0,4.0,0
6.000,0,1,0.0,4.0,0
6.000,0,1,0.0,4.0,0
6.000,0,1,0.0,4.0,0
6.000,0,1,0.0,4.0,0
6.000,0,1,0.0,4.0,0
6.000,0,1,0.0,4.0,0
6.000,0,1,0.0,4.0,0
6.000,0,1,0.0,4.0,0
6.100,0,1,0.0,4.0,0
6.100,0,1,0.0,4.0,0
6.100,0,1,0.0,4.0,0
6.100,0,1,0.0,4.0,0
6.100,0,1,0.0,4.0,0
6.100,0,1,0.0,4.0,0
6.100,0,1,0.0,4.0,0
6.100,0,1,0.0,4.0,0
6.100,0,1,0.0,4.0,0
6.100,0,1,0.0,4.0,0
6.200,0,1,0.0,4.0,0
6.200,0,1,0.0,4.0,0
6.200,0,1,0.0,4.0,0
6.200,0,1,0.0,4.0,0
6.200,0,1,0.0,4.0,0
6.200,0,1,0.0,4.0,0
6.200,0,1,0.0,4.0,0
6.200,0,1,0.0,4.0,0
6.200,0,1,0.0,4.0,0
6.200,0,1,0.0,4.0,0
6.200,0,1,0.0,4.0,0
6.300,0,1,0.0,4.0,0
6.300,0,1,0.0,4.0,0
6.300,0,1,0.0,4.0,0
6.300,0,1,0.0,4.0,0
6.300,0,1,0.0,4.0,0
6.300,0,1,0.0,4.0,0
6.300,0,1,0.0,4.0,0
6.300,0,1,0.0,4.0,0
6.300,0,1,0.0,4.0,0
6.300,0,1,0.0,4.0,0
6.400,0,1,0.0,4.0,0
6.400,0,1,0.0,4.0,0
6.400,0,1,0.0,4.0,0
6.400,0,1,0.0,4.0,0
6.400,0,1,0.0,4.0,0
6.400,0,1,0.0,4.0,0
6.400,0,1,0.0,4.0,0
6.400,0,1,0.0,4.0,0
6.400,0,1,0.0,4.0,0
6.400,0,1,0.0,4.0,0
6.400,0,1,0.0,4.0,0
6.500,0,1,0.0,4.0,0
6.500,0,1,0.0,4.0,0
6.500,0,1,0.0,4.0,0
6.500,0,1,0.0,4.0,0
6.500,0,1,0.0,4.0,0
6.500,0,1,0.0,4.0,0
6.500,0,1,0.0,4.0,0
6.500,0,1,0.0,4.0,0
6.500,0,1,0.0,4.0,0
6.500,0,1,0.0,4.0,0
6.600,0,1,0.0,4.0,0
6.600,0,1,0.0,4.0,0
6.600,0,1,0.0,4.0,0
6.600,0,1,0.0,4.0,0
6.600,0,1,0.0,4.0,0
6.600,0,1,0.0,4.0,0
6.600,0,1,0.0,4.0,0
6.600,0,1,0.0,4.0,0
6.600,0,1,0.0,4.0,0
6.600,0,1,0.0,4.0,0
6.600,0,1,0.0,4.0,0
6.700,0,1,0.0,4.0,0
6.700,0,1,0.0,4.0,0
6.700,0,1,0.0,4.0,0
6.700,0,1,0.0,4.0,0
6.700,0,1,0.0,4.0,0
6.700,0,1,0.0,4.0,0
6.700,0,1,0.0,4.0,0
6.700,0,1,0.0,4.0,0
6.700,0,1,0.0,4.0,0
6.700,0,1,0.0,4.0,0
6.800,0,1,0.0,4.0,0
6.800,0,1,0.0,4.0,0
6.800,0,1,0.0,4.0,0
6.800,0,1,0.0,4.0,0
6.800,0,1,0.0,4.0,0
6.800,0,1,0.0,4.0,0
6.800,0,1,0.0,4.0,0
6.800,0,1,0.0,4.0,0
6.800,0,1,0.0,4.0,0
6.800,0,1,0.0,4.0,0
6.900,0,1,0.0,4.0,0
6.900,0,1,0.0,4.0,0
6.900,0,1,0.0,4.0,0
6.900,0,1,0.0,4.0,0
6.900,0,1,0.0,4.0,0
6.900,0,1,0.0,4.0,0
6.900,0,1,0.0,4.0,0
6.900,0,1,0.0,4.0,0
6.900,0,1,0.0,4.0,0
6.900,0,1,0.0,4.0,0
6.900,0,1,0.0,4.0,0
7.000,0,1,0.0,4.0,0
7.000,0,1,0.0,4.0,0
7.000,0,1,0.0,4.0,0
7.000,0,1,0.0,4.0,0
7.000,0,1,0.0,4.0,0
7.000,0,1,0.0,4.0,0
7.000,0,1,0.0,4.0,0
7.000,0,1,0.0,4.0,0
7.000,0,1,0.0,4.0,0
7.000,0,1,0.0,4.0,0
7.100,0,1,0.0,4.0,0
7.100,0,1,0.0,4.0,0
7.100,0,1,0.0,4.0,0
7.100,0,1,0.0,4.0,0
7.100,0,1,0.0,4.0,0
7.100,0,1,0.0,4.0,0
7.100,0,1,0.0,4.0,0
7.100,0,1,0.0,4.0,0
7.100,0,1,0.0,4.0,0
7.100,0,1,0.0,4.0,0
7.100,0,1,0.0,4.0,0
7.200,0,1,0.0,4.0,0
7.200,0,1,0.0,4.0,0
7.200,0,1,0.0,4.0,0
7.200,0,1,0.0,4.0,0
7.200,0,1,0.0,4.0,0
7.200,0,1,0.0,4.0,0
7.200,0,1,0.0,4.0,0
7.200,0,1,0.0,4.0,0
7.200,0,1,0.0,4.0,0
7.200,0,1,0.0,4.0,0
7.300,0,1,0.0,4.0,0
7.300,0,1,0.0,4.0,0
7.300,0,1,0.0,4.0,0
7.300,0,1,0.0,4.0,0
7.300,0,1,0.0,4.0,0
7.300,0,1,0.0,4.0,0
7.300,0,1,0.0,4.0,0
7.300,0,1,0.0,4.0,0
7.300,0,1,0.0,4.0,0
7.300,0,1,0.0,4.0,0
7.300,0,1,0.0,4.0,0
7.400,0,1,0.0,4.0,0
7.400,0,1,0.0,4.0,0
7.400,0,1,0.0,4.0,0
7.400,0,1,0.0,4.0,0
7.400,0,1,0.0,4.0,0
7.400,0,1,0.0,4.0,0
7.400,0,1,0.0,4.0,0
7.400,0,1,0.0,4.0,0
7.400,0,1,0.0,4.0,0
7.400,0,1,0.0,4.0,0
7.500,0,1,0.0,4.0,0
7.500,0,1,0.0,4.0,0
7.500,0,1,0.0,4.0,0
7.500,0,1,0.0,4.0,0
7.500,0,1,0.0,4.0,0
7.500,0,1,0.0,4.0,0
7.500,0,1,0.0,4.0,0
7.500,0,1,0.0,4.0,0
7.500,0,1,0.0,4.0,0
7.500,0,1,0.0,4.0,0
7.600,0,1,0.0,4.0,0
7.600,0,1,0.0,4.0,0
7.600,0,1,0.0,4.0,0
7.600,0,1,0.0,4.0,0
7.600,0,1,0.0,4.0,0
7.600,0,1,0.0,4.0,0
7.600,0,1,0.0,4.0,0
7.600,0,1,0.0,4.0,0
7.600,0,1,0.0,4.0,0
7.600,0,1,0.0,4.0,0
7.600,0,1,0.0,4.0,0
7.700,0,1,0.0,4.0,0
7.700,0,1,0.0,4.0,0
7.700,0,1,0.0,4.0,0
7.700,0,1,0.0,4.0,0
7.700,0,1,0.0,4.0,0
7.700,0,1,0.0,4.0,0
7.700,0,1,0.0,4.0,0
7.700,0,1,0.0,4.0,0
7.700,0,1,0.0,4.0,0
7.700,0,1,0.0,4.0,0
7.800,0,1,0.0,4.0,0
7.800,0,1,0.0,4.0,0
7.800,0,1,0.0,4.0,0
7.800,0,1,0.0,4.0,0
7.800,0,1,0.0,4.0,0
7.800,0,1,0.0,4.0,0
7.800,0,1,0.0,4.0,0
7.800,0,1,0.0,4.0,0
7.800,0,1,0.0,4.0,0
7.800,0,1,0.0,4.0,0
7.800,0,1,0.0,4.0,0
7.900,0,1,0.0,4.0,0
7.900,0,1,0.0,4.0,0
7.900,0,1,0.0,4.0,0
7.900,0,1,0.0,4.0,0
7.900,0,1,0.0,4.0,0
7.900,0,1,0.0,4.0,0
7.900,0,1,0.0,4.0,0
7.900,0,1,0.0,4.0,0
7.900,0,1,0.0,4.0,0
7.900,0,1,0.0,4.0,0
8.000,0,1,0.0,4.0,0
8.000,0,1,0.0,4.0,0
8.000,0,1,0.0,4.0,0
8.000,0,1,0.0,4.0,0
8.000,0,1,0.0,4.0,0
8.000,0,1,0.0,4.0,0
8.000,0,1,0.0,4.0,0
8.000,0,1,0.0,4.0,0
8.000,0,1,0.0,4.0,0
8.000,0,1,0.0,4.0,0
8.000,0,1,0.0,4.0,0
8.100,0,1,0.0,4.0,0
8.100,0,1,0.0,4.0,0
8.100,0,1,0.0,4.0,0
8.100,0,1,0.0,4.0,0
8.100,0,1,0.0,4.0,0
8.100,0,1,0.0,4.0,0
8.100,0,1,0.0,4.0,0
8.100,0,1,0.0,4.0,0
8.100,0,1,0.0,4.0,0
8.100,0,1,0.0,4.0,0
8.200,0,1,0.0,4.0,0
8.200,0,1,0.0,4.0,0
8.200,0,1,0.0,4.0,0
8.200,0,1,0.0,4.0,0
8.200,0,1,0.0,4.0,0
8.200,0,1,0.0,4.0,0
8.200,0,1,0.0,4.0,0
8.200,0,1,0.0,4.0,0
8.200,0,1,0.0,4.0,0
8.200,0,1,0.0,4.0,0
8.300,0,1,0.0,4.0,0
8.300,0,1,0.0,4.0,0
8.300,0,1,0.0,4.0,0
8.300,0,1,0.0,4.0,0
8.300,0,1,0.0,4.0,0
8.300,0,1,0.0,4.0,0
8.300,0,1,0.0,4.0,0
8.300,0,1,0.0,4.0,0
8.300,0,1,0.0,4.0,0
8.300,0,1,0.0,4.0,0
8.300,0,1,0.0,4.0,0
8.400,0,1,0.0,4.0,0
8.400,0,1,0.0,4.0,0
8.400,0,1,0.0,4.0,0
8.400,0,1,0.0,4.0,0
8.400,0,1,0.0,4.0,0
8.400,0,1,0.0,4.0,0
8.400,0,1,0.0,4.0,0
8.400,0,1,0.0,4.0,0
8.400,0,1,0.0,4.0,0
8.400,0,1,0.0,4.0,0
8.500,0,1,0.0,4.0,0
8.500,0,1,0.0,4.0,0
8.500,0,1,0.0,4.0,0
8.500,0,1,0.0,4.0,0
8.500,0,1,0.0,4.0,0
8.500,0,1,0.0,4.0,0
8.500,0,1,0.0,4.0,0
8.500,0,1,0.0,4.0,0
8.500,0,1,0.0,4.0,0
8.500,0,1,0.0,4.0,0
8.500,0,1,0.0,4.0,0
8.600,0,1,0.0,4.0,0
8.600,0,1,0.0,4.0,0
8.600,0,1,0.0,4.0,0
8.600,0,1,0.0,4.0,0
8.600,0,1,0.0,4.0,0
8.600,0,1,0.0,4.0,0
8.600,0,1,0.0,4.0,0
8.600,0,1,0.0,4.0,0
8.600,0,1,0.0,4.0,0
8.600,0,1,0.0,4.0,0
8.700,0,1,0.0,4.0,0
8.700,0,1,0.0,4.0,0
8.700,0,1,0.0,4.0,0
8.700,0,1,0.0,4.0,0
8.700,0,1,0.0,4.0,0
8.700,0,1,0.0,4.0,0
8.700,0,1,0.0,4.0,0
8.700,0,1,0.0,4.0,0
8.700,0,1,0.0,4.0,0
8.700,0,1,0.0,4.0,0
8.700,0,1,0.0,4.0,0
8.800,0,1,0.0,4.0,0
8.800,0,1,0.0,4.0,0
8.800,0,1,0.0,4.0,0
8.800,0,1,0.0,4.0,0
8.800,0,1,0.0,4.0,0
8.800,0,1,0.0,4.0,0
8.800,0,1,0.0,4.0,0
8.800,0,1,0.0,4.0,0
8.800,0,1,0.0,4.0,0
8.800,0,1,0.0,4.0,0
8.900,0,1,0.0,4.0,0
8.900,0,1,0.0,4.0,0
8.900,0,1,0.0,4.0,0
8.900,0,1,0.0,4.0,0
8.900,0,1,0.0,4.0,0
8.900,0,1,0.0,4.0,0
8.900,0,1,0.0,4.0,0
8.900,0,1,0.0,4.0,0
8.900,0,1,0.0,4.0,0
8.900,0,1,0.0,4.0,0
8.900,0,1,0.0,4.0,0
9.000,0,1,0.0,4.0,0
9.000,0,1,0.0,4.0,0
9.000,0,1,0.0,4.0,0
9.000,0,1,0.0,4.0,0
9.000,0,1,0.0,4.0,0
9.000,0,1,0.0,4.0,0
9.000,0,1,0.0,4.0,0
9.000,0,1,0.0,4.0,0
9.000,0,1,0.0,4.0,0
9.000,0,1,0.0,4.0,0
9.100,0,1,0.0,4.0,0
9.100,0,1,0.0,4.0,0
9.100,0,1,0.0,4.0,0
9.100,0,1,0.0,4.0,0
9.100,0,1,0.0,4.0,0
9.100,0,1,0.0,4.0,0
9.100,0,1,0.0,4.0,0
9.100,0,1,0.0,4.0,0
9.100,0,1,0.0,4.0,0
9.100,0,1,0.0,4.0,0
9.200,0,1,0.0,4.0,0
9.200,0,1,0.0,4.0,0
9.200,0,1,0.0,4.0,0
9.200,0,1,0.0,4.0,0
9.200,0,1,0.0,4.0,0
9.200,0,1,0.0,4.0,0
9.200,0,1,0.0,4.0,0
9.200,0,1,0.0,4.0,0
9.200,0,1,0.0,4.0,0
9.200,0,1,0.0,4.0,0
9.200,0,1,0.0,4.0,0
9.300,0,1,0.0,4.0,0
9.300,0,1,0.0,4.0,0
9.300,0,1,0.0,4.0,0
9.300,0,1,0.0,4.0,0
9.300,0,1,0.0,4.0,0
9.300,0,1,0.0,4.0,0
9.300,0,1,0.0,4.0,0
9.300,0,1,0.0,4.0,0
9.300,0,1,0.0,4.0,0
9.300,0,1,0.0,4.0,0
9.400,0,1,0.0,4.0,0
9.400,0,1,0.0,4.0,0
9.400,0,1,0.0,4.0,0
9.400,0,1,0.0,4.0,0
9.400,0,1,0.0,4.0,0
9.400,0,1,0.0,4.0,0
9.400,0,1,0.0,4.0,0
9.400,0,1,0.0,4.0,0
9.400,0,1,0.0,4.0,0
9.400,0,1,0.0,4.0,0
9.400,0,1,0.0,4.0,0
9.500,0,1,0.0,4.0,0
9.500,0,1,0.0,4.0,0
9.500,0,1,0.0,4.0,0
9.500,0,1,0.0,4.0,0
9.500,0,1,0.0,4.0,0
9.500,0,1,0.0,4.0,0
9.500,0,1,0.0,4.0,0
9.500,0,1,0.0,4.0,0
9.500,0,1,0.0,4.0,0
9.500,0,1,0.0,4.0,0
9.600,0,1,0.0,4.0,0
9.600,0,1,0.0,4.0,0
9.600,0,1,0.0,4.0,0
9.600,0,1,0.0,4.0,0
9.600,0,1,0.0,4.0,0
9.600,0,1,0.0,4.0,0
9.600,0,1,0.0,4.0,0
9.600,0,1,0.0,4.0,0
9.600,0,1,0.0,4.0,0
9.600,0,1,0.0,4.0,0
9.600,0,1,0.0,4.0,0
9.700,0,1,0.0,4.0,0
9.700,0,1,0.0,4.0,0
9.700,0,1,0.0,4.0,0
9.700,0,1,0.0,4.0,0
9.700,0,1,0.0,4.0,0
9.700,0,1,0.0,4.0,0
9.700,0,1,0.0,4.0,0
9.700,0,1,0.0,4.0,0
9.700,0,1,0.0,4.0,0
9.700,0,1,0.0,4.0,0
9.800,0,1,0.0,4.0,0
9.800,0,1,0.0,4.0,0
9.800,0,1,0.0,4.0,0
9.800,0,1,0.0,4.0,0
9.800,0,1,0.0,4.0,0
9.800,0,1,0.0,4.0,0
9.800,0,1,0.0,4.0,0
9.800,0,1,0.0,4.0,0
9.800,0,1,0.0,4.0,0
9.800,0,1,0.0,4.0,0
9.900,0,1,0.0,4.0,0
9.900,0,1,0.0,4.0,0
9.900,0,1,0.0,4.0,0
9.900,0,1,0.0,4.0,0
9.900,0,1,0.0,4.0,0
9.900,0,1,0.0,4.0,0
9.900,0,1,0.0,4.0,0
9.900,0,1,0.0,4.0,0
9.900,0,1,0.0,4.0,0
9.900,0,1,0.0,4.0,0
9.900,0,1,0.0,4.0,0
10.000,0,1,0.0,4.0,0
10.000,0,1,0.0,4.0,0
10.000,0,1,0.0,4.0,0
10.000,0,1,0.0,4.0,0
10.000,0,1,0.0,4.0,0
10.000,0,1,0.0,4.0,0
10.000,0,1,0.0,4.0,0
10.000,0,1,0.0,4.0,0
10.000,0,1,0.0,4.0,0
10.000,0,1,0.0,4.0,0
10.100,0,1,0.0,4.0,0
10.100,0,1,0.0,4.0,0
10.100,0,1,0.0,4.0,0
10.100,0,1,0.0,4.0,0
10.100,0,1,0.0,4.0,0
10.100,0,1,0.0,4.0,0
10.100,0,1,0.0,4.0,0
10.100,0,1,0.0,4.0,0
10.100,0,1,0.0,4.0,0
10.100,0,1,0.0,4.0,0
10.100,0,1,0.0,4.0,0
10.200,0,1,0.0,4.0,0
10.200,0,1,0.0,4.0,0
10.200,0,1,0.0,4.0,0
10.200,0,1,0.0,4.0,0
10.200,0,1,0.0,4.0,0
10.200,0,1,0.0,4.0,0
10.200,0,1,0.0,4.0,0
10.200,0,1,0.0,4.0,0
10.200,0,1,0.0,4.0,0
10.200,0,1,0.0,4.0,0
10.300,0,1,0.0,4.0,0
10.300,0,1,0.0,4.0,0
10.300,0,1,0.0,4.0,0
10.300,0,1,0.0,4.0,0
10.300,0,1,0.0,4.0,0
10.300,0,1,0.0,4.0,0
10.300,0,1,0.0,4.0,0
10.300,0,1,0.0,4.0,0
10.300,0,1,0.0,4.0,0
10.300,0,1,0.0,4.0,0
10.300,0,1,0.0,4.0,0
10.400,2,1,-54.0,8.0,0
10.400,2,1,-54.0,8.0,0
10.400,2,1,-54.0,8.0,0
10.400,2,1,-54.0,8.0,0
10.400,2,1,-54.0,8.0,0
10.400,2,1,-54.0,8.0,0
10.400,2,1,-54.0,8.0,0
10.400,2,1,-54.0,8.0,0
10.400,2,1,-54.0,8.0,0
10.400,2,1,-54.0,8.0,0
10.500,2,1,-54.0,8.0,0
10.500,2,1,-54.0,8.0,0
10.500,2,1,-54.0,8.0,0
10.500,2,1,-54.0,8.0,0
10.500,2,1,-54.0,8.0,0
10.500,2,1,-54.0,8.0,0
10.500,2,1,-54.0,8.0,0
10.500,2,1,-54.0,8.0,0
10.500,2,1,-54.0,8.0,0
10.500,2,1,-54.0,8.0,0
10.600,2,1,-54.0,8.0,0
10.600,2,1,-54.0,8.0,0
10.600,2,1,-54.0,8.0,0
10.600,2,1,-54.0,8.0,0
10.600,2,1,-54.0,8.0,0
10.600,2,1,-54.0,8.0,0
10.600,2,1,-54.0,8.0,0
10.600,2,1,-54.0,8.0,0
10.600,2,1,-54.0,8.0,0
10.600,2,1,-54.0,8.0,0
10.600,2,1,-54.0,8.0,0
10.700,2,1,-54.0,8.0,0
10.700,2,1,-54.0,8.0,0
10.700,2,1,-54.0,8.0,0
10.700,2,1,-54.0,8.0,0
10.700,2,1,-54.0,8.0,0
10.700,2,1,-54.0,8.0,0
10.700,2,1,-54.0,8.0,0
10.700,2,1,-54.0,8.0,0
10.700,2,1,-54.0,8.0,0
10.700,2,1,-54.0,8.0,0
10.800,2,1,-54.0,8.0,0
10.800,2,1,-54.0,8.0,0
10.800,2,1,-54.0,8.0,0
10.800,2,1,-54.0,8.0,0
10.800,2,1,-54.0,8.0,0
10.800,2,1,-54.0,8.0,0
10.800,2,1,-54.0,8.0,0
10.800,2,1,-54.0,8.0,0
10.800,2,1,-54.0,8.0,0
10.800,2,1,-54.0,8.0,0
10.800,2,1,-54.0,8.0,0
10.900,2,1,-54.0,8.0,0
10.900,2,1,-54.0,8.0,0
10.900,2,1,-54.0,8.0,0
10.900,2,1,-54.0,8.0,0
10.900,2,1,-54.0,8.0,0
10.900,2,1,-54.0,8.0,0
10.900,2,1,-54.0,8.0,0
10.900,2,1,-54.0,8.0,0
10.900,2,1,-54.0,8.0,0
10.900,2,1,-54.0,8.0,0
11.000,2,1,-54.0,8.0,0
11.000,2,1,-54.0,8.0,0
11.000,2,1,-54.0,8.0,0
11.000,2,1,-54.0,8.0,0
11.000,2,1,-54.0,8.0,0
11.000,2,1,-54.0,8.0,0
11.000,2,1,-54.0,8.0,0
11.000,2,1,-54.0,8.0,0
11.000,2,1,-54.0,8.0,0
11.000,2,1,-54.0,8.0,0
11.000,2,1,-54.0,8.0,0
11.100,2,1,-54.0,8.0,0
11.100,2,1,-54.0,8.0,0
11.100,2,1,-54.0,8.0,0
11.100,2,1,-54.0,8.0,0
11.100,2,1,-54.0,8.0,0
11.100,2,1,-54.0,8.0,0
11.100,2,1,-54.0,8.0,0
11.100,2,1,-54.0,8.0,0
11.100,2,1,-54.0,8.0,0
11.100,2,1,-54.0,8.0,0
11.200,2,1,-54.0,8.0,0
11.200,2,1,-54.0,8.0,0
11.200,2,1,-54.0,8.0,0
11.200,2,1,-54.0,8.0,0
11.200,2,1,-54.0,8.0,0
11.200,2,1,-54.0,8.0,0
11.200,2,1,-54.0,8.0,0
11.200,2,1,-54.0,8.0,0
11.200,2,1,-54.0,8.0,0
11.200,2,1,-54.0,8.0,0
11.200,2,1,-54.0,8.0,0
11.300,2,1,-54.0,8.0,0
11.300,2,1,-54.0,8.0,0
11.300,2,1,-54.0,8.0,0
11.300,2,1,-54.0,8.0,0
11.300,2,1,-54.0,8.0,0
11.300,2,1,-54.0,8.0,0
11.300,2,1,-54.0,8.0,0
11.300,2,1,-54.0,8.0,0
11.300,2,1,-54.0,8.0,0
11.300,2,1,-54.0,8.0,0
11.400,2,1,-54.0,8.0,0
11.400,2,1,-54.0,8.0,0
11.400,2,1,-54.0,8.0,0
11.400,2,1,-54.0,8.0,0
11.400,2,1,-54.0,8.0,0
11.400,2,1,-54.0,8.0,0
11.400,2,1,-54.0,8.0,0
11.400,2,1,-54.0,8.0,0
11.400,2,1,-54.0,8.0,0
11.400,2,1,-54.0,8.0,0
11.500,2,1,-54.0,8.0,0
11.500,2,1,-54.0,8.0,0
11.500,2,1,-54.0,8.0,0
11.500,2,1,-54.0,8.0,0
11.500,2,1,-54.0,8.0,0
11.500,2,1,-54.0,8.0,0
11.500,2,1,-54.0,8.0,0
11.500,2,1,-54.0,8.0,0
11.500,2,1,-54.0,8.0,0
11.500,2,1,-54.0,8.0,0
11.500,2,1,-54.0,8.0,0
11.600,2,1,-54.0,8.0,0
11.600,2,1,-54.0,8.0,0
11.600,2,1,-54.0,8.0,0
11.600,2,1,-54.0,8.0,0
11.600,2,1,-54.0,8.0,0
11.600,2,1,-54.0,8.0,0
11.600,2,1,-54.0,8.0,0
11.600,2,1,-54.0,8.0,0
11.600,2,1,-54.0,8.0,0
11.600,2,1,-54.0,8.0,0
11.700,2,1,-54.0,8.0,0
11.700,2,1,-54.0,8.0,0
11.700,2,1,-54.0,8.0,0
11.700,2,1,-54.0,8.0,0
11.700,2,1,-54.0,8.0,0
11.700,2,1,-54.0,8.0,0
11.700,2,1,-54.0,8.0,0
11.700,2,1,-54.0,8.0,0
11.700,2,1,-54.0,8.0,0
11.700,2,1,-54.0,8.0,0
11.700,2,1,-54.0,8.0,0
11.800,2,1,-54.0,8.0,0
11.800,2,1,-54.0,8.0,0
11.800,2,1,-54.0,8.0,0
11.800,2,1,-54.0,8.0,0
11.800,2,1,-54.0,8.0,0
11.800,2,1,-54.0,8.0,0
11.800,2,1,-54.0,8.0,0
11.800,2,1,-54.0,8.0,0
11.800,2,1,-54.0,8.0,0
11.800,2,1,-54.0,8.0,0
11.900,2,1,-54.0,8.0,0
11.900,2,1,-54.0,8.0,0
11.900,2,1,-54.0,8.0,0
11.900,2,1,-54.0,8.0,0
11.900,2,1,-54.0,8.0,0
11.900,2,1,-54.0,8.0,0
11.900,2,1,-54.0,8.0,0
11.900,2,1,-54.0,8.0,0
11.900,2,1,-54.0,8.0,0
11.900,2,1,-54.0,8.0,0
11.900,2,1,-54.0,8.0,0
12.000,2,1,-54.0,8.0,0
12.000,2,1,-54.0,8.0,0
12.000,2,1,-54.0,8.0,0
12.000,2,1,-54.0,8.0,0
12.000,2,1,-54.0,8.0,0
12.000,2,1,-54.0,8.0,0
12.000,2,1,-54.0,8.0,0
12.000,2,1,-54.0,8.0,0
12.000,2,1,-54.0,8.0,0
12.000,2,1,-54.0,8.0,0
12.100,2,1,-54.0,8.0,0
12.100,2,1,-54.0,8.0,0
12.100,2,1,-54.0,8.0,0
12.100,2,1,-54.0,8.0,0
12.100,2,1,-54.0,8.0,0
12.100,2,1,-54.0,8.0,0
12.100,2,1,-54.0,8.0,0
12.100,2,1,-54.0,8.0,0
12.100,2,1,-54.0,8.0,0
12.100,2,1,-54.0,8.0,0
12.100,2,1,-54.0,8.0,0
12.200,2,1,-54.0,8.0,0
12.200,2,1,-54.0,8.0,0
12.200,2,1,-54.0,8.0,0
12.200,2,1,-54.0,8.0,0
12.200,2,1,-54.0,8.0,0
12.200,2,1,-54.0,8.0,0
12.200,2,1,-54.0,8.0,0
12.200,2,1,-54.0,8.0,0
12.200,2,1,-54.0,8.0,0
12.200,2,1,-54.0,8.0,0
12.300,2,1,-54.0,8.0,0
12.300,2,1,-54.0,8.0,0
12.300,2,1,-54.0,8.0,0
12.300,2,1,-54.0,8.0,0
12.300,2,1,-54.0,8.0,0
12.300,2,1,-54.0,8.0,0
12.300,2,1,-54.0,8.0,0
12.300,2,1,-54.0,8.0,0
12.300,2,1,-54.0,8.0,0
12.300,2,1,-54.0,8.0,0
12.400,2,1,-54.0,8.0,0
12.400,2,1,-54.0,8.0,0
12.400,2,1,-54.0,8.0,0
12.400,2,1,-54.0,8.0,0
12.400,2,1,-54.0,8.0,0
12.400,2,1,-54.0,8.0,0
12.400,2,1,-54.0,8.0,0
12.400,2,1,-54.0,8.0,0
12.400,2,1,-54.0,8.0,0
12.400,2,1,-54.0,8.0,0
12.400,2,1,-54.0,8.0,0
12.500,2,1,-54.0,8.0,0
12.500,2,1,-54.0,8.0,0
12.500,2,1,-54.0,8.0,0
12.500,2,1,-54.0,8.0,0
12.500,2,1,-54.0,8.0,0
12.500,2,1,-54.0,8.0,0
12.500,2,1,-54.0,8.0,0
12.500,2,1,-54.0,8.0,0
12.500,2,1,-54.0,8.0,0
12.500,2,1,-54.0,8.0,0
12.600,2,1,-54.0,8.0,0
12.600,2,1,-54.0,8.0,0
12.600,2,1,-54.0,8.0,0
12.600,2,1,-54.0,8.0,0
12.600,2,1,-54.0,8.0,0
12.600,2,1,-54.0,8.0,0
12.600,2,1,-54.0,8.0,0
12.600,2,1,-54.0,8.0,0
12.600,2,1,-54.0,8.0,0
12.600,2,1,-54.0,8.0,0
12.600,2,1,-54.0,8.0,0
12.700,2,1,-54.0,8.0,0
12.700,2,1,-54.0,8.0,0
12.700,2,1,-54.0,8.0,0
12.700,2,1,-54.0,8.0,0
12.700,2,1,-54.0,8.0,0
12.700,2,1,-54.0,8.0,0
12.700,2,1,-54.0,8.0,0
12.700,2,1,-54.0,8.0,0
12.700,2,1,-54.0,8.0,0
12.700,2,1,-54.0,8.0,0
12.800,2,1,-54.0,8.0,0
12.800,2,1,-54.0,8.0,0
12.800,2,1,-54.0,8.0,0
12.800,2,1,-54.0,8.0,0
12.800,2,1,-54.0,8.0,0
12.800,2,1,-54.0,8.0,0
12.800,2,1,-54.0,8.0,0
12.800,2,1,-54.0,8.0,0
12.800,2,1,-54.0,8.0,0
12.800,2,1,-54.0,8.0,0
12.800,2,1,-54.0,8.0,0
12.900,2,1,-54.0,8.0,0
12.900,2,1,-54.0,8.0,0
12.900,2,1,-54.0,8.0,0
12.900,2,1,-54.0,8.0,0
12.900,2,1,-54.0,8.0,0
12.900,2,1,-54.0,8.0,0
12.900,2,1,-54.0,8.0,0
12.900,2,1,-54.0,8.0,0
12.900,2,1,-54.0,8.0,0
12.900,2,1,-54.0,8.0,0
13.000,2,1,-54.0,8.0,0
13.000,2,1,-54.0,8.0,0
13.000,2,1,-54.0,8.0,0
13.000,2,1,-54.0,8.0,0
13.000,2,1,-54.0,8.0,0
13.000,2,1,-54.0,8.0,0
13.000,2,1,-54.0,8.0,0
13.000,2,1,-54.0,8.0,0
13.000,2,1,-54.0,8.0,0
13.000,2,1,-54.0,8.0,0
13.100,2,1,-54.0,8.0,0
13.100,2,1,-54.0,8.0,0
13.100,2,1,-54.0,8.0,0
13.100,2,1,-54.0,8.0,0
13.100,2,1,-54.0,8.0,0
13.100,2,1,-54.0,8.0,0
13.100,2,1,-54.0,8.0,0
13.100,2,1,-54.0,8.0,0
13.100,2,1,-54.0,8.0,0
13.100,2,1,-54.0,8.0,0
13.100,2,1,-54.0,8.0,0
13.200,2,1,-54.0,8.0,0
13.200,2,1,-54.0,8.0,0
13.200,2,1,-54.0,8.0,0
13.200,2,1,-54.0,8.0,0
13.200,2,1,-54.0,8.0,0
13.200,2,1,-54.0,8.0,0
13.200,2,1,-54.0,8.0,0
13.200,2,1,-54.0,8.0,0
13.200,2,1,-54.0,8.0,0
13.200,2,1,-54.0,8.0,0
13.300,2,1,-54.0,8.0,0
13.300,2,1,-54.0,8.0,0
13.300,2,1,-54.0,8.0,0
13.300,2,1,-54.0,8.0,0
13.300,2,1,-54.0,8.0,0
13.300,2,1,-54.0,8.0,0
13.300,2,1,-54.0,8.0,0
13.300,2,1,-54.0,8.0,0
13.300,2,1,-54.0,8.0,0
13.300,2,1,-54.0,8.0,0
13.300,2,1,-54.0,8.0,0
13.400,2,1,-54.0,8.0,0
13.400,2,1,-54.0,8.0,0
13.400,2,1,-54.0,8.0,0
13.400,2,1,-54.0,8.0,0
13.400,2,1,-54.0,8.0,0
13.400,2,1,-54.0,8.0,0
13.400,2,1,-54.0,8.0,0
13.400,2,1,-54.0,8.0,0
13.400,2,1,-54.0,8.0,0
13.400,2,1,-54.0,8.0,0
13.500,2,1,-54.0,8.0,0
13.500,2,1,-54.0,8.0,0
13.500,2,1,-54.0,8.0,0
13.500,2,1,-54.0,8.0,0
13.500,2,1,-54.0,8.0,0
13.500,2,1,-54.0,8.0,0
13.500,2,1,-54.0,8.0,0
13.500,2,1,-54.0,8.0,0
13.500,2,1,-54.0,8.0,0
13.500,2,1,-54.0,8.0,0
13.500,2,1,-54.0,8.0,0
13.600,2,1,-54.0,8.0,0
13.600,2,1,-54.0,8.0,0
13.600,2,1,-54.0,8.0,0
13.600,2,1,-54.0,8.0,0
13.600,2,1,-54.0,8.0,0
13.600,2,1,-54.0,8.0,0
13.600,2,1,-54.0,8.0,0
13.600,2,1,-54.0,8.0,0
13.600,2,1,-54.0,8.0,0
13.600,2,1,-54.0,8.0,0
13.700,2,1,-54.0,8.0,0
13.700,2,1,-54.0,8.0,0
13.700,2,1,-54.0,8.0,0
13.700,2,1,-54.0,8.0,0
13.700,2,1,-54.0,8.0,0
13.700,2,1,-54.0,8.0,0
13.700,2,1,-54.0,8.0,0
13.700,2,1,-54.0,8.0,0
13.700,2,1,-54.0,8.0,0
13.700,2,1,-54.0,8.0,0
13.800,2,1,-54.0,8.0,0
13.800,2,1,-54.0,8.0,0
13.800,2,1,-54.0,8.0,0
13.800,2,1,-54.0,8.0,0
13.800,2,1,-54.0,8.0,0
13.800,2,1,-54.0,8.0,0
13.800,2,1,-54.0,8.0,0
13.800,2,1,-54.0,8.0,0
13.800,2,1,-54.0,8.0,0
13.800,2,1,-54.0,8.0,0
13.800,2,1,-54.0,8.0,0
13.900,2,1,-54.0,8.0,0
13.900,2,1,-54.0,8.0,0
13.900,2,1,-54.0,8.0,0
13.900,2,1,-54.0,8.0,0
13.900,2,1,-54.0,8.0,0
13.900,2,1,-54.0,8.0,0
13.900,2,1,-54.0,8.0,0
13.900,2,1,-54.0,8.0,0
13.900,2,1,-54.0,8.0,0
13.900,2,1,-54.0,8.0,0
14.000,2,1,-54.0,8.0,0
14.000,2,1,-54.0,8.0,0
14.000,2,1,-54.0,8.0,0
14.000,2,1,-54.0,8.0,0
14.000,2,1,-54.0,8.0,0
14.000,2,1,-54.0,8.0,0
14.000,2,1,-54.0,8.0,0
14.000,2,1,-54.0,8.0,0
14.000,2,1,-54.0,8.0,0
14.000,2,1,-54.0,8.0,0
14.000,2,1,-54.0,8.0,0
14.100,2,1,-54.0,8.0,0
14.100,2,1,-54.0,8.0,0
14.100,2,1,-54.0,8.0,0
14.100,2,1,-54.0,8.0,0
14.100,2,1,-54.0,8.0,0
14.100,2,1,-54.0,8.0,0
14.100,2,1,-54.0,8.0,0
14.100,2,1,-54.0,8.0,0
14.100,2,1,-54.0,8.0,0
14.100,2,1,-54.0,8.0,0
14.200,2,1,-54.0,8.0,0
14.200,2,1,-54.0,8.0,0
14.200,2,1,-54.0,8.0,0
14.200,2,1,-54.0,8.0,0
14.200,2,1,-54.0,8.0,0
14.200,2,1,-54.0,8.0,0
14.200,2,1,-54.0,8.0,0
14.200,2,1,-54.0,8.0,0
14.200,2,1,-54.0,8.0,0
14.200,2,1,-54.0,8.0,0
14.200,2,1,-54.0,8.0,0
14.300,2,1,-54.0,8.0,0
14.300,2,1,-54.0,8.0,0
14.300,2,1,-54.0,8.0,0
14.300,2,1,-54.0,8.0,0
14.300,2,1,-54.0,8.0,0
14.300,2,1,-54.0,8.0,0
14.300,2,1,-54.0,8.0,0
14.300,2,1,-54.0,8.0,0
14.300,2,1,-54.0,8.0,0
14.300,2,1,-54.0,8.0,0
14.400,2,1,-54.0,8.0,0
14.400,2,1,-54.0,8.0,0
14.400,2,1,-54.0,8.0,0
14.400,2,1,-54.0,8.0,0
14.400,2,1,-54.0,8.0,0
14.400,2,1,-54.0,8.0,0
14.400,2,1,-54.0,8.0,0
14.400,2,1,-54.0,8.0,0
14.400,2,1,-54.0,8.0,0
14.400,2,1,-54.0,8.0,0
14.400,2,1,-54.0,8.0,0
14.500,2,1,-54.0,8.0,0
14.500,2,1,-54.0,8.0,0
14.500,2,1,-54.0,8.0,0
14.500,2,1,-54.0,8.0,0
14.500,2,1,-54.0,8.0,0
14.500,2,1,-54.0,8.0,0
14.500,2,1,-54.0,8.0,0
14.500,2,1,-54.0,8.0,0
14.500,2,1,-54.0,8.0,0
14.500,2,1,-54.0,8.0,0
14.600,2,1,-54.0,8.0,0
14.600,2,1,-54.0,8.0,0
14.600,2,1,-54.0,8.0,0
14.600,2,1,-54.0,8.0,0
14.600,2,1,-54.0,8.0,0
14.600,2,1,-54.0,8.0,0
14.600,2,1,-54.0,8.0,0
14.600,2,1,-54.0,8.0,0
14.600,2,1,-54.0,8.0,0
14.600,2,1,-54.0,8.0,0
14.700,2,1,-54.0,8.0,0
14.700,2,1,-54.0,8.0,0
14.700,2,1,-54.0,8.0,0
14.700,2,1,-54.0,8.0,0
14.700,2,1,-54.0,8.0,0
14.700,2,1,-54.0,8.0,0
14.700,2,1,-54.0,8.0,0
14.700,2,1,-54.0,8.0,0
14.700,2,1,-54.0,8.0,0
14.700,2,1,-54.0,8.0,0
14.700,2,1,-54.0,8.0,0
14.800,2,1,-54.0,8.0,0
14.800,2,1,-54.0,8.0,0
14.800,2,1,-54.0,8.0,0
14.800,2,1,-54.0,8.0,0
14.800,2,1,-54.0,8.0,0
14.800,2,1,-54.0,8.0,0
14.800,2,1,-54.0,8.0,0
14.800,2,1,-54.0,8.0,0
14.800,2,1,-54.0,8.0,0
14.800,2,1,-54.0,8.0,0
14.900,2,1,-54.0,8.0,0
14.900,2,1,-54.0,8.0,0
14.900,2,1,-54.0,8.0,0
14.900,2,1,-54.0,8.0,0
14.900,2,1,-54.0,8.0,0
14.900,2,1,-54.0,8.0,0
14.900,2,1,-54.0,8.0,0
14.900,2,1,-54.0,8.0,0
14.900,2,1,-54.0,8.0,0
14.900,2,1,-54.0,8.0,0
14.900,2,1,-54.0,8.0,0
15.000,2,1,-54.0,8.0,0
15.000,2,1,-54.0,8.0,0
15.000,2,1,-54.0,8.0,0
15.000,2,1,-54.0,8.0,0
15.000,2,1,-54.0,8.0,0
15.000,2,1,-54.0,8.0,0
15.000,2,1,-54.0,8.0,0
15.000,2,1,-54.0,8.0,0
15.000,2,1,-54.0,8.0,0
15.000,2,1,-54.0,8.0,0
15.100,2,1,-54.0,8.0,0
15.100,2,1,-54.0,8.0,0
15.100,2,1,-54.0,8.0,0
15.100,2,1,-54.0,8.0,0
15.100,2,1,-54.0,8.0,0
15.100,2,1,-54.0,8.0,0
15.100,2,1,-54.0,8.0,0
15.100,2,1,-54.0,8.0,0
15.100,2,1,-54.0,8.0,0
15.100,2,1,-54.0,8.0,0
15.100,2,1,-54.0,8.0,0
15.200,2,1,-54.0,8.0,0
15.200,2,1,-54.0,8.0,0
15.200,2,1,-54.0,8.0,0
15.200,2,1,-54.0,8.0,0
15.200,2,1,-54.0,8.0,0
15.200,2,1,-54.0,8.0,0
15.200,2,1,-54.0,8.0,0
15.200,2,1,-54.0,8.0,0
15.200,2,1,-54.0,8.0,0
15.200,2,1,-54.0,8.0,0
15.300,2,1,-54.0,8.0,0
15.300,2,1,-54.0,8.0,0
15.300,2,1,-54.0,8.0,0
15.300,2,1,-54.0,8.0,0
15.300,2,1,-54.0,8.0,0
15.300,2,1,-54.0,8.0,0
15.300,2,1,-54.0,8.0,0
15.300,2,1,-54.0,8.0,0
15.300,2,1,-54.0,8.0,0
15.300,2,1,-54.0,8.0,0
15.400,2,1,-54.0,8.0,0
15.400,2,1,-54.0,8.0,0
15.400,2,1,-54.0,8.0,0
15.400,2,1,-54.0,8.0,0
15.400,2,1,-54.0,8.0,0
15.400,2,1,-54.0,8.0,0
15.400,2,1,-54.0,8.0,0
15.400,2,1,-54.0,8.0,0
15.400,2,1,-54.0,8.0,0
15.400,2,1,-54.0,8.0,0
15.400,2,1,-54.0,8.0,0
15.500,2,1,-54.0,8.0,0
15.500,2,1,-54.0,8.0,0
15.500,2,1,-54.0,8.0,0
15.500,2,1,-54.0,8.0,0
15.500,2,1,-54.0,8.0,0
15.500,2,1,-54.0,8.0,0
15.500,2,1,-54.0,8.0,0
15.500,2,1,-54.0,8.0,0
15.500,2,1,-54.0,8.0,0
15.500,2,1,-54.0,8.0,0
15.600,2,1,-54.0,8.0,0
15.600,2,1,-54.0,8.0,0
15.600,2,1,-54.0,8.0,0
15.600,2,1,-54.0,8.0,0
15.600,2,1,-54.0,8.0,0
15.600,2,1,-54.0,8.0,0
15.600,2,1,-54.0,8.0,0
15.600,2,1,-54.0,8.0,0
15.600,2,1,-54.0,8.0,0
15.600,2,1,-54.0,8.0,0
15.600,2,1,-54.0,8.0,0
15.700,2,1,-54.0,8.0,0
15.700,2,1,-54.0,8.0,0
15.700,2,1,-54.0,8.0,0
15.700,2,1,-54.0,8.0,0
15.700,2,1,-54.0,8.0,0
15.700,2,1,-54.0,8.0,0
15.700,2,1,-54.0,8.0,0
15.700,2,1,-54.0,8.0,0
15.700,2,1,-54.0,8.0,0
15.700,2,1,-54.0,8.0,0
15.800,2,1,-54.0,8.0,0
15.800,2,1,-54.0,8.0,0
15.800,2,1,-54.0,8.0,0
15.800,2,1,-54.0,8.0,0
15.800,2,1,-54.0,8.0,0
15.800,2,1,-54.0,8.0,0
15.800,2,1,-54.0,8.0,0
15.800,2,1,-54.0,8.0,0
15.800,2,1,-54.0,8.0,0
15.800,2,1,-54.0,8.0,0
15.800,2,1,-54.0,8.0,0
15.900,2,1,-54.0,8.0,0
15.900,2,1,-54.0,8.0,0
15.900,2,1,-54.0,8.0,0
15.900,2,1,-54.0,8.0,0
15.900,2,1,-54.0,8.0,0
15.900,2,1,-54.0,8.0,0
15.900,2,1,-54.0,8.0,0
15.900,2,1,-54.0,8.0,0
15.900,2,1,-54.0,8.0,0
15.900,2,1,-54.0,8.0,0
16.000,2,1,-54.0,8.0,0
16.000,2,1,-54.0,8.0,0
16.000,2,1,-54.0,8.0,0
16.000,2,1,-54.0,8.0,0
16.000,2,1,-54.0,8.0,0
16.000,2,1,-54.0,8.0,0
16.000,2,1,-54.0,8.0,0
16.000,2,1,-54.0,8.0,0
16.000,2,1,-54.0,8.0,0
16.000,2,1,-54.0,8.0,0
16.100,2,1,-54.0,8.0,0
16.100,2,1,-54.0,8.0,0
16.100,2,1,-54.0,8.0,0
16.100,2,1,-54.0,8.0,0
16.100,2,1,-54.0,8.0,0
16.100,2,1,-54.0,8.0,0
16.100,2,1,-54.0,8.0,0
16.100,2,1,-54.0,8.0,0
16.100,2,1,-54.0,8.0,0
16.100,2,1,-54.0,8.0,0
16.100,2,1,-54.0,8.0,0
16.200,2,1,-54.0,8.0,0
16.200,2,1,-54.0,8.0,0
16.200,2,1,-54.0,8.0,0
16.200,2,1,-54.0,8.0,0
16.200,2,1,-54.0,8.0,0
16.200,2,1,-54.0,8.0,0
16.200,2,1,-54.0,8.0,0
16.200,2,1,-54.0,8.0,0
16.200,2,1,-54.0,8.0,0
16.200,2,1,-54.0,8.0,0
16.300,2,1,-54.0,8.0,0
16.300,2,1,-54.0,8.0,0
16.300,2,1,-54.0,8.0,0
16.300,2,1,-54.0,8.0,0
16.300,2,1,-54.0,8.0,0
16.300,2,1,-54.0,8.0,0
16.300,2,1,-54.0,8.0,0
16.300,2,1,-54.0,8.0,0
16.300,2,1,-54.0,8.0,0
16.300,2,1,-54.0,8.0,0
16.300,2,1,-54.0,8.0,0
16.400,2,1,-54.0,8.0,0
16.400,2,1,-54.0,8.0,0
16.400,2,1,-54.0,8.0,0
16.400,2,1,-54.0,8.0,0
16.400,2,1,-54.0,8.0,0
16.400,2,1,-54.0,8.0,0
16.400,2,1,-54.0,8.0,0
16.400,2,1,-54.0,8.0,0
16.400,2,1,-54.0,8.0,0
16.400,2,1,-54.0,8.0,0
16.500,2,1,-54.0,8.0,0
16.500,2,1,-54.0,8.0,0
16.500,2,1,-54.0,8.0,0
16.500,2,1,-54.0,8.0,0
16.500,2,1,-54.0,8.0,0
16.500,2,1,-54.0,8.0,0
16.500,2,1,-54.0,8.0,0
16.500,2,1,-54.0,8.0,0
16.500,2,1,-54.0,8.0,0
16.500,2,1,-54.0,8.0,0
16.500,2,1,-54.0,8.0,0
16.600,2,1,-54.0,8.0,0
16.600,2,1,-54.0,8.0,0
16.600,2,1,-54.0,8.0,0
16.600,2,1,-54.0,8.0,0
16.600,2,1,-54.0,8.0,0
16.600,2,1,-54.0,8.0,0
16.600,2,1,-54.0,8.0,0
16.600,2,1,-54.0,8.0,0
16.600,2,1,-54.0,8.0,0
16.600,2,1,-54.0,8.0,0
16.700,2,1,-54.0,8.0,0
16.700,2,1,-54.0,8.0,0
16.700,2,1,-54.0,8.0,0
16.700,2,1,-54.0,8.0,0
16.700,2,1,-54.0,8.0,0
16.700,2,1,-54.0,8.0,0
16.700,2,1,-54.0,8.0,0
16.700,2,1,-54.0,8.0,0
16.700,2,1,-54.0,8.0,0
16.700,2,1,-54.0,8.0,0
16.700,2,1,-54.0,8.0,0
16.800,2,1,-54.0,8.0,0
16.800,2,1,-54.0,8.0,0
16.800,2,1,-54.0,8.0,0
16.800,2,1,-54.0,8.0,0
16.800,2,1,-54.0,8.0,0
16.800,2,1,-54.0,8.0,0
16.800,2,1,-54.0,8.0,0
16.800,2,1,-54.0,8.0,0
16.800,2,1,-54.0,8.0,0
16.800,2,1,-54.0,8.0,0
16.900,2,1,-54.0,8.0,0
16.900,2,1,-54.0,8.0,0
16.900,2,1,-54.0,8.0,0
16.900,2,1,-54.0,8.0,0
16.900,2,1,-54.0,8.0,0
16.900,2,1,-54.0,8.0,0
16.900,2,1,-54.0,8.0,0
16.900,2,1,-54.0,8.0,0
16.900,2,1,-54.0,8.0,0
16.900,2,1,-54.0,8.0,0
17.000,2,1,-54.0,8.0,0
17.000,2,1,-54.0,8.0,0
17.000,2,1,-54.0,8.0,0
17.000,2,1,-54.0,8.0,0
17.000,2,1,-54.0,8.0,0
17.000,2,1,-54.0,8.0,0
17.000,2,1,-54.0,8.0,0
17.000,2,1,-54.0,8.0,0
17.000,2,1,-54.0,8.0,0
17.000,2,1,-54.0,8.0,0
17.000,2,1,-54.0,8.0,0
17.100,2,1,-54.0,8.0,0
17.100,2,1,-54.0,8.0,0
17.100,2,1,-54.0,8.0,0
17.100,2,1,-54.0,8.0,0
17.100,2,1,-54.0,8.0,0
17.100,2,1,-54.0,8.0,0
17.100,2,1,-54.0,8.0,0
17.100,2,1,-54.0,8.0,0
17.100,2,1,-54.0,8.0,0
17.100,2,1,-54.0,8.0,0
17.200,2,1,-54.0,8.0,0
17.200,2,1,-54.0,8.0,0
17.200,2,1,-54.0,8.0,0
17.200,2,1,-54.0,8.0,0
17.200,2,1,-54.0,8.0,0
17.200,2,1,-54.0,8.0,0
17.200,2,1,-54.0,8.0,0
17.200,2,1,-54.0,8.0,0
17.200,2,1,-54.0,8.0,0
17.200,2,1,-54.0,8.0,0
17.200,2,1,-54.0,8.0,0
17.300,2,1,-54.0,8.0,0
17.300,2,1,-54.0,8.0,0
17.300,2,1,-54.0,8.0,0
17.300,2,1,-54.0,8.0,0
17.300,2,1,-54.0,8.0,0
17.300,2,1,-54.0,8.0,0
17.300,2,1,-54.0,8.0,0
17.300,2,1,-54.0,8.0,0
17.300,2,1,-54.0,8.0,0
17.300,2,1,-54.0,8.0,0
17.400,2,1,-54.0,8.0,0
17.400,2,1,-54.0,8.0,0
17.400,2,1,-54.0,8.0,0
17.400,2,1,-54.0,8.0,0
17.400,2,1,-54.0,8.0,0
17.400,2,1,-54.0,8.0,0
17.400,2,1,-54.0,8.0,0
17.400,2,1,-54.0,8.0,0
17.400,2,1,-54.0,8.0,0
17.400,2,1,-54.0,8.0,0
17.400,2,1,-54.0,8.0,0
17.500,2,1,-54.0,8.0,0
17.500,2,1,-54.0,8.0,0
17.500,2,1,-54.0,8.0,0
17.500,2,1,-54.0,8.0,0
17.500,2,1,-54.0,8.0,0
17.500,2,1,-54.0,8.0,0
17.500,2,1,-54.0,8.0,0
17.500,2,1,-54.0,8.0,0
17.500,2,1,-54.0,8.0,0
17.500,2,1,-54.0,8.0,0
17.600,2,1,-54.0,8.0,0
17.600,2,1,-54.0,8.0,0
17.600,2,1,-54.0,8.0,0
17.600,2,1,-54.0,8.0,0
17.600,2,1,-54.0,8.0,0
17.600,2,1,-54.0,8.0,0
17.600,2,1,-54.0,8.0,0
17.600,2,1,-54.0,8.0,0
17.600,2,1,-54.0,8.0,0
17.600,2,1,-54.0,8.0,0
17.700,2,1,-54.0,8.0,0
17.700,2,1,-54.0,8.0,0
17.700,2,1,-54.0,8.0,0
17.700,2,1,-54.0,8.0,0
17.700,2,1,-54.0,8.0,0
17.700,2,1,-54.0,8.0,0
17.700,2,1,-54.0,8.0,0
17.700,2,1,-54.0,8.0,0
17.700,2,1,-54.0,8.0,0
17.700,2,1,-54.0,8.0,0
17.700,2,1,-54.0,8.0,0
17.800,2,1,-54.0,8.0,0
17.800,2,1,-54.0,8.0,0
17.800,2,1,-54.0,8.0,0
17.800,2,1,-54.0,8.0,0
17.800,2,1,-54.0,8.0,0
17.800,2,1,-54.0,8.0,0
17.800,2,1,-54.0,8.0,0
17.800,2,1,-54.0,8.0,0
17.800,2,1,-54.0,8.0,0
17.800,2,1,-54.0,8.0,0
17.900,2,1,-54.0,8.0,0
17.900,2,1,-54.0,8.0,0
17.900,2,1,-54.0,8.0,0
17.900,2,1,-54.0,8.0,0
17.900,2,1,-54.0,8.0,0
17.900,2,1,-54.0,8.0,0
17.900,2,1,-54.0,8.0,0
17.900,2,1,-54.0,8.0,0
17.900,2,1,-54.0,8.0,0
17.900,2,1,-54.0,8.0,0
17.900,2,1,-54.0,8.0,0
18.000,2,1,-54.0,8.0,0
18.000,2,1,-54.0,8.0,0
18.000,2,1,-54.0,8.0,0
18.000,2,1,-54.0,8.0,0
18.000,2,1,-54.0,8.0,0
18.000,2,1,-54.0,8.0,0
18.000,2,1,-54.0,8.0,0
18.000,2,1,-54.0,8.0,0
18.000,2,1,-54.0,8.0,0
18.000,2,1,-54.0,8.0,0
18.100,2,1,-54.0,8.0,0
18.100,2,1,-54.0,8.0,0
18.100,2,1,-54.0,8.0,0
18.100,2,1,-54.0,8.0,0
18.100,2,1,-54.0,8.0,0
18.100,2,1,-54.0,8.0,0
18.100,2,1,-54.0,8.0,0
18.100,2,1,-54.0,8.0,0
18.100,2,1,-54.0,8.0,0
18.100,2,1,-54.0,8.0,0
18.100,2,1,-54.0,8.0,0
18.200,2,1,-54.0,8.0,0
18.200,2,1,-54.0,8.0,0
18.200,2,1,-54.0,8.0,0
18.200,2,1,-54.0,8.0,0
18.200,2,1,-54.0,8.0,0
18.200,2,1,-54.0,8.0,0
18.200,2,1,-54.0,8.0,0
18.200,2,1,-54.0,8.0,0
18.200,2,1,-54.0,8.0,0
18.200,2,1,-54.0,8.0,0
18.300,2,1,-54.0,8.0,0
18.300,2,1,-54.0,8.0,0
18.300,2,1,-54.0,8.0,0
18.300,2,1,-54.0,8.0,0
18.300,2,1,-54.0,8.0,0
18.300,2,1,-54.0,8.0,0
18.300,2,1,-54.0,8.0,0
18.300,2,1,-54.0,8.0,0
18.300,2,1,-54.0,8.0,0
18.300,2,1,-54.0,8.0,0
18.400,2,1,-54.0,8.0,0
18.400,2,1,-54.0,8.0,0
18.400,2,1,-54.0,8.0,0
18.400,2,1,-54.0,8.0,0
18.400,2,1,-54.0,8.0,0
18.400,2,1,-54.0,8.0,0
18.400,2,1,-54.0,8.0,0
18.400,2,1,-54.0,8.0,0
18.400,2,1,-54.0,8.0,0
18.400,2,1,-54.0,8.0,0
18.400,2,1,-54.0,8.0,0
18.500,2,1,-54.0,8.0,0
18.500,2,1,-54.0,8.0,0
18.500,2,1,-54.0,8.0,0
18.500,2,1,-54.0,8.0,0
18.500,2,1,-54.0,8.0,0
18.500,2,1,-54.0,8.0,0
18.500,2,1,-54.0,8.0,0
18.500,2,1,-54.0,8.0,0
18.500,2,1,-54.0,8.0,0
18.500,2,1,-54.0,8.0,0
18.600,2,1,-54.0,8.0,0
18.600,2,1,-54.0,8.0,0
18.600,2,1,-54.0,8.0,0
18.600,2,1,-54.0,8.0,0
18.600,2,1,-54.0,8.0,0
18.600,2,1,-54.0,8.0,0
18.600,2,1,-54.0,8.0,0
18.600,2,1,-54.0,8.0,0
18.600,2,1,-54.0,8.0,0
18.600,2,1,-54.0,8.0,0
18.600,2,1,-54.0,8.0,0
18.700,2,1,-54.0,8.0,0
18.700,2,1,-54.0,8.0,0
18.700,2,1,-54.0,8.0,0
18.700,2,1,-54.0,8.0,0
18.700,2,1,-54.0,8.0,0
18.700,2,1,-54.0,8.0,0
18.700,2,1,-54.0,8.0,0
18.700,2,1,-54.0,8.0,0
18.700,2,1,-54.0,8.0,0
18.700,2,1,-54.0,8.0,0
18.800,2,1,-54.0,8.0,0
18.800,2,1,-54.0,8.0,0
18.800,2,1,-54.0,8.0,0
18.800,2,1,-54.0,8.0,0
18.800,2,1,-54.0,8.0,0
18.800,2,1,-54.0,8.0,0
18.800,2,1,-54.0,8.0,0
18.800,2,1,-54.0,8.0,0
18.800,2,1,-54.0,8.0,0
18.800,2,1,-54.0,8.0,0
18.800,2,1,-54.0,8.0,0
18.900,2,1,-54.0,8.0,0
18.900,2,1,-54.0,8.0,0
18.900,2,1,-54.0,8.0,0
18.900,2,1,-54.0,8.0,0
18.900,2,1,-54.0,8.0,0
18.900,2,1,-54.0,8.0,0
18.900,2,1,-54.0,8.0,0
18.900,2,1,-54.0,8.0,0
18.900,2,1,-54.0,8.0,0
18.900,2,1,-54.0,8.0,0
19.000,2,1,-54.0,8.0,0
19.000,2,1,-54.0,8.0,0
19.000,2,1,-54.0,8.0,0
19.000,2,1,-54.0,8.0,0
19.000,2,1,-54.0,8.0,0
19.000,2,1,-54.0,8.0,0
19.000,2,1,-54.0,8.0,0
19.000,2,1,-54.0,8.0,0
19.000,2,1,-54.0,8.0,0
19.000,2,1,-54.0,8.0,0
19.000,2,1,-54.0,8.0,0
19.100,2,1,-54.0,8.0,0
19.100,2,1,-54.0,8.0,0
19.100,2,1,-54.0,8.0,0
19.100,2,1,-54.0,8.0,0
19.100,2,1,-54.0,8.0,0
19.100,2,1,-54.0,8.0,0
19.100,2,1,-54.0,8.0,0
19.100,2,1,-54.0,8.0,0
19.100,2,1,-54.0,8.0,0
19.100,2,1,-54.0,8.0,0
19.200,2,1,-54.0,8.0,0
19.200,2,1,-54.0,8.0,0
19.200,2,1,-54.0,8.0,0
19.200,2,1,-54.0,8.0,0
19.200,2,1,-54.0,8.0,0
19.200,2,1,-54.0,8.0,0
19.200,2,1,-54.0,8.0,0
19.200,2,1,-54.0,8.0,0
19.200,2,1,-54.0,8.0,0
19.200,2,1,-54.0,8.0,0
19.300,2,1,-54.0,8.0,0
19.300,2,1,-54.0,8.0,0
19.300,2,1,-54.0,8.0,0
19.300,2,1,-54.0,8.0,0
19.300,2,1,-54.0,8.0,0
19.300,2,1,-54.0,8.0,0
19.300,2,1,-54.0,8.0,0
19.300,2,1,-54.0,8.0,0
19.300,2,1,-54.0,8.0,0
19.300,2,1,-54.0,8.0,0
19.300,2,1,-54.0,8.0,0
19.400,2,1,-54.0,8.0,0
19.400,2,1,-54.0,8.0,0
19.400,2,1,-54.0,8.0,0
19.400,2,1,-54.0,8.0,0
19.400,2,1,-54.0,8.0,0
19.400,2,1,-54.0,8.0,0
19.400,2,1,-54.0,8.0,0
19.400,2,1,-54.0,8.0,0
19.400,2,1,-54.0,8.0,0
19.400,2,1,-54.0,8.0,0
19.500,0,1,0.0,8.0,0
19.500,0,1,0.0,8.0,0
19.500,0,1,0.0,8.0,0
19.500,0,1,0.0,8.0,0
19.500,0,1,0.0,8.0,0
19.500,0,1,0.0,8.0,0
19.500,0,1,0.0,8.0,0
19.500,0,1,0.0,8.0,0
19.500,0,1,0.0,8.0,0
19.500,0,1,0.0,8.0,0
19.500,0,1,0.0,8.0,0
19.600,0,1,0.0,8.0,0
19.600,0,1,0.0,8.0,0
19.600,0,1,0.0,8.0,0
19.600,0,1,0.0,8.0,0
19.600,0,1,0.0,8.0,0
19.600,0,1,0.0,8.0,0
19.600,0,1,0.0,8.0,0
19.600,0,1,0.0,8.0,0
19.600,0,1,0.0,8.0,0
19.600,0,1,0.0,8.0,0
19.700,0,1,0.0,8.0,0
19.700,0,1,0.0,8.0,0
19.700,0,1,0.0,8.0,0
19.700,0,1,0.0,8.0,0
19.700,0,1,0.0,8.0,0
19.700,0,1,0.0,8.0,0
19.700,0,1,0.0,8.0,0
19.700,0,1,0.0,8.0,0
19.700,0,1,0.0,8.0,0
19.700,0,1,0.0,8.0,0
19.700,0,1,0.0,8.0,0
19.800,0,1,0.0,8.0,0
19.800,0,1,0.0,8.0,0
19.800,0,1,0.0,8.0,0
19.800,0,1,0.0,8.0,0
19.800,0,1,0.0,8.0,0
19.800,0,1,0.0,8.0,0
19.800,0,1,0.0,8.0,0
19.800,0,1,0.0,8.0,0
19.800,0,1,0.0,8.0,0
19.800,0,1,0.0,8.0,0
19.900,0,1,0.0,8.0,0
19.900,0,1,0.0,8.0,0
19.900,0,1,0.0,8.0,0
19.900,0,1,0.0,8.0,0
19.900,0,1,0.0,8.0,0
19.900,0,1,0.0,8.0,0
19.900,0,1,0.0,8.0,0
19.900,0,1,0.0,8.0,0
19.900,0,1,0.0,8.0,0
19.900,0,1,0.0,8.0,0
20.000,0,1,0.0,8.0,0
20.000,0,1,0.0,8.0,0
20.000,0,1,0.0,8.0,0
20.000,0,1,0.0,8.0,0
20.000,0,1,0.0,8.0,0
20.000,0,1,0.0,8.0,0
20.000,0,1,0.0,8.0,0
20.000,0,1,0.0,8.0,0
20.000,0,1,0.0,8.0,0
20.000,0,1,0.0,8.0,0
20.000,0,1,0.0,8.0,0
20.100,0,1,0.0,8.0,0
20.100,0,1,0.0,8.0,0
20.100,0,1,0.0,8.0,0
20.100,0,1,0.0,8.0,0
20.100,0,1,0.0,8.0,0
20.100,0,1,0.0,8.0,0
20.100,0,1,0.0,8.0,0
20.100,0,1,0.0,8.0,0
20.100,0,1,0.0,8.0,0
20.100,0,1,0.0,8.0,0
20.200,0,1,0.0,8.0,0
20.200,0,1,0.0,8.0,0
20.200,0,1,0.0,8.0,0
20.200,0,1,0.0,8.0,0
20.200,0,1,0.0,8.0,0
20.200,0,1,0.0,8.0,0
20.200,0,1,0.0,8.0,0
20.200,0,1,0.0,8.0,0
20.200,0,1,0.0,8.0,0
20.200,0,1,0.0,8.0,0
20.200,0,1,0.0,8.0,0
20.300,0,1,0.0,8.0,0
20.300,0,1,0.0,8.0,0
20.300,0,1,0.0,8.0,0
20.300,0,1,0.0,8.0,0
20.300,0,1,0.0,8.0,0
20.300,0,1,0.0,8.0,0
20.300,0,1,0.0,8.0,0
20.300,0,1,0.0,8.0,0
20.300,0,1,0.0,8.0,0
20.300,0,1,0.0,8.0,0
20.400,0,1,0.0,8.0,0
20.400,0,1,0.0,8.0,0
20.400,0,1,0.0,8.0,0
20.400,0,1,0.0,8.0,0
20.400,0,1,0.0,8.0,0
20.400,0,1,0.0,8.0,0
20.400,0,1,0.0,8.0,0
20.400,0,1,0.0,8.0,0
20.400,0,1,0.0,8.0,0
20.400,0,1,0.0,8.0,0
20.400,0,1,0.0,8.0,0
20.500,0,1,0.0,8.0,0
20.500,0,1,0.0,8.0,0
20.500,0,1,0.0,8.0,0
20.500,0,1,0.0,8.0,0
20.500,0,1,0.0,8.0,0
20.500,0,1,0.0,8.0,0
20.500,0,1,0.0,8.0,0
20.500,0,1,0.0,8.0,0
20.500,0,1,0.0,8.0,0
20.500,0,1,0.0,8.0,0
20.600,0,1,0.0,8.0,0
20.600,0,1,0.0,8.0,0
20.600,0,1,0.0,8.0,0
20.600,0,1,0.0,8.0,0
20.600,0,1,0.0,8.0,0
20.600,0,1,0.0,8.0,0
20.600,0,1,0.0,8.0,0
20.600,0,1,0.0,8.0,0
20.600,0,1,0.0,8.0,0
20.600,0,1,0.0,8.0,0
20.700,0,1,0.0,8.0,0
20.700,0,1,0.0,8.0,0
20.700,0,1,0.0,8.0,0
20.700,0,1,0.0,8.0,0
20.700,0,1,0.0,8.0,0
20.700,0,1,0.0,8.0,0
20.700,0,1,0.0,8.0,0
20.700,0,1,0.0,8.0,0
20.700,0,1,0.0,8.0,0
20.700,0,1,0.0,8.0,0
20.700,0,1,0.0,8.0,0
20.800,0,1,0.0,8.0,0
20.800,0,1,0.0,8.0,0
20.800,0,1,0.0,8.0,0
20.800,0,1,0.0,8.0,0
20.800,0,1,0.0,8.0,0
20.800,0,1,0.0,8.0,0
20.800,0,1,0.0,8.0,0
20.800,0,1,0.0,8.0,0
20.800,0,1,0.0,8.0,0
20.800,0,1,0.0,8.0,0
20.900,0,1,0.0,8.0,0
20.900,0,1,0.0,8.0,0
20.900,0,1,0.0,8.0,0
20.900,0,1,0.0,8.0,0
20.900,0,1,0.0,8.0,0
20.900,0,1,0.0,8.0,0
20.900,0,1,0.0,8.0,0
20.900,0,1,0.0,8.0,0
20.900,0,1,0.0,8.0,0
20.900,0,1,0.0,8.0,0
20.900,0,1,0.0,8.0,0
21.000,0,1,0.0,8.0,0
21.000,0,1,0.0,8.0,0
21.000,0,1,0.0,8.0,0
21.000,0,1,0.0,8.0,0
21.000,0,1,0.0,8.0,0
21.000,0,1,0.0,8.0,0
21.000,0,1,0.0,8.0,0
21.000,0,1,0.0,8.0,0
21.000,0,1,0.0,8.0,0
21.000,0,1,0.0,8.0,0
21.100,0,1,0.0,8.0,0
21.100,0,1,0.0,8.0,0
21.100,0,1,0.0,8.0,0
21.100,0,1,0.0,8.0,0
21.100,0,1,0.0,8.0,0
21.100,0,1,0.0,8.0,0
21.100,0,1,0.0,8.0,0
21.100,0,1,0.0,8.0,0
21.100,0,1,0.0,8.0,0
21.100,0,1,0.0,8.0,0
21.100,0,1,0.0,8.0,0
21.200,0,1,0.0,8.0,0
21.200,0,1,0.0,8.0,0
21.200,0,1,0.0,8.0,0
21.200,0,1,0.0,8.0,0
21.200,0,1,0.0,8.0,0
21.200,0,1,0.0,8.0,0
21.200,0,1,0.0,8.0,0
21.200,0,1,0.0,8.0,0
21.200,0,1,0.0,8.0,0
21.200,0,1,0.0,8.0,0
21.300,0,1,0.0,8.0,0
21.300,0,1,0.0,8.0,0
21.300,0,1,0.0,8.0,0
21.300,0,1,0.0,8.0,0
21.300,0,1,0.0,8.0,0
21.300,0,1,0.0,8.0,0
21.300,0,1,0.0,8.0,0
21.300,0,1,0.0,8.0,0
21.300,0,1,0.0,8.0,0
21.300,0,1,0.0,8.0,0
21.300,0,1,0.0,8.0,0
21.400,0,1,0.0,8.0,0
21.400,0,1,0.0,8.0,0
21.400,0,1,0.0,8.0,0
21.400,0,1,0.0,8.0,0
21.400,0,1,0.0,8.0,0
21.400,0,1,0.0,8.0,0
21.400,0,1,0.0,8.0,0
21.400,0,1,0.0,8.0,0
21.400,0,1,0.0,8.0,0
21.400,0,1,0.0,8.0,0
21.500,0,1,0.0,8.0,0
21.500,0,1,0.0,8.0,0
21.500,0,1,0.0,8.0,0
21.500,0,1,0.0,8.0,0
21.500,0,1,0.0,8.0,0
21.500,0,1,0.0,8.0,0
21.500,0,1,0.0,8.0,0
21.500,0,1,0.0,8.0,0
21.500,0,1,0.0,8.0,0
21.500,0,1,0.0,8.0,0
21.600,0,1,0.0,8.0,0
21.600,0,1,0.0,8.0,0
21.600,0,1,0.0,8.0,0
21.600,0,1,0.0,8.0,0
21.600,0,1,0.0,8.0,0
21.600,0,1,0.0,8.0,0
21.600,0,1,0.0,8.0,0
21.600,0,1,0.0,8.0,0
21.600,0,1,0.0,8.0,0
21.600,0,1,0.0,8.0,0
21.600,0,1,0.0,8.0,0
21.700,0,1,0.0,8.0,0
21.700,0,1,0.0,8.0,0
21.700,0,1,0.0,8.0,0
21.700,0,1,0.0,8.0,0
21.700,0,1,0.0,8.0,0
21.700,0,1,0.0,8.0,0
21.700,0,1,0.0,8.0,0
21.700,0,1,0.0,8.0,0
21.700,0,1,0.0,8.0,0
21.700,0,1,0.0,8.0,0
21.800,0,1,0.0,8.0,0
21.800,0,1,0.0,8.0,0
21.800,0,1,0.0,8.0,0
21.800,0,1,0.0,8.0,0
21.800,0,1,0.0,8.0,0
21.800,0,1,0.0,8.0,0
21.800,0,1,0.0,8.0,0
21.800,0,1,0.0,8.0,0
21.800,0,1,0.0,8.0,0
21.800,0,1,0.0,8.0,0
21.800,0,1,0.0,8.0,0
21.900,0,1,0.0,8.0,0
21.900,0,1,0.0,8.0,0
21.900,0,1,0.0,8.0,0
21.900,0,1,0.0,8.0,0
21.900,0,1,0.0,8.0,0
21.900,0,1,0.0,8.0,0
21.900,0,1,0.0,8.0,0
21.900,0,1,0.0,8.0,0
21.900,0,1,0.0,8.0,0
21.900,0,1,0.0,8.0,0
22.000,0,1,0.0,8.0,0
22.000,0,1,0.0,8.0,0
22.000,0,1,0.0,8.0,0
22.000,0,1,0.0,8.0,0
22.000,0,1,0.0,8.0,0
22.000,0,1,0.0,8.0,0
22.000,0,1,0.0,8.0,0
22.000,0,1,0.0,8.0,0
22.000,0,1,0.0,8.0,0
22.000,0,1,0.0,8.0,0
22.000,0,1,0.0,8.0,0
22.100,0,1,0.0,8.0,0
22.100,0,1,0.0,8.0,0
22.100,0,1,0.0,8.0,0
22.100,0,1,0.0,8.0,0
22.100,0,1,0.0,8.0,0
22.100,0,1,0.0,8.0,0
22.100,0,1,0.0,8.0,0
22.100,0,1,0.0,8.0,0
22.100,0,1,0.0,8.0,0
22.100,0,1,0.0,8.0,0
22.200,0,1,0.0,8.0,0
22.200,0,1,0.0,8.0,0
22.200,0,1,0.0,8.0,0
22.200,0,1,0.0,8.0,0
22.200,0,1,0.0,8.0,0
22.200,0,1,0.0,8.0,0
22.200,0,1,0.0,8.0,0
22.200,0,1,0.0,8.0,0
22.200,0,1,0.0,8.0,0
22.200,0,1,0.0,8.0,0
22.300,0,1,0.0,8.0,0
22.300,0,1,0.0,8.0,0
22.300,0,1,0.0,8.0,0
22.300,0,1,0.0,8.0,0
22.300,0,1,0.0,8.0,0
22.300,0,1,0.0,8.0,0
22.300,0,1,0.0,8.0,0
22.300,0,1,0.0,8.0,0
22.300,0,1,0.0,8.0,0
22.300,0,1,0.0,8.0,0
22.300,0,1,0.0,8.0,0
22.400,0,1,0.0,8.0,0
22.400,0,1,0.0,8.0,0
22.400,0,1,0.0,8.0,0
22.400,0,1,0.0,8.0,0
22.400,0,1,0.0,8.0,0
22.400,0,1,0.0,8.0,0
22.400,0,1,0.0,8.0,0
22.400,0,1,0.0,8.0,0
22.400,0,1,0.0,8.0,0
22.400,0,1,0.0,8.0,0
22.500,0,1,0.0,8.0,0
22.500,0,1,0.0,8.0,0
22.500,0,1,0.0,8.0,0
22.500,0,1,0.0,8.0,0
22.500,0,1,0.0,8.0,0
22.500,0,1,0.0,8.0,0
22.500,0,1,0.0,8.0,0
22.500,0,1,0.0,8.0,0
22.500,0,1,0.0,8.0,0
22.500,0,1,0.0,8.0,0
22.500,0,1,0.0,8.0,0
22.600,0,1,0.0,8.0,0
22.600,0,1,0.0,8.0,0
22.600,0,1,0.0,8.0,0
22.600,0,1,0.0,8.0,0
22.600,0,1,0.0,8.0,0
22.600,0,1,0.0,8.0,0
22.600,0,1,0.0,8.0,0
22.600,0,1,0.0,8.0,0
22.600,0,1,0.0,8.0,0
22.600,0,1,0.0,8.0,0
22.700,0,1,0.0,8.0,0
22.700,0,1,0.0,8.0,0
22.700,0,1,0.0,8.0,0
22.700,0,1,0.0,8.0,0
22.700,0,1,0.0,8.0,0
22.700,0,1,0.0,8.0,0
22.700,0,1,0.0,8.0,0
22.700,0,1,0.0,8.0,0
22.700,0,1,0.0,8.0,0
22.700,0,1,0.0,8.0,0
22.700,0,1,0.0,8.0,0
22.800,0,1,0.0,8.0,0
22.800,0,1,0.0,8.0,0
22.800,0,1,0.0,8.0,0
22.800,0,1,0.0,8.0,0
22.800,0,1,0.0,8.0,0
22.800,0,1,0.0,8.0,0
22.800,0,1,0.0,8.0,0
22.800,0,1,0.0,8.0,0
22.800,0,1,0.0,8.0,0
22.800,0,1,0.0,8.0,0
22.900,0,1,0.0,8.0,0
22.900,0,1,0.0,8.0,0
22.900,0,1,0.0,8.0,0
22.900,0,1,0.0,8.0,0
22.900,0,1,0.0,8.0,0
22.900,0,1,0.0,8.0,0
22.900,0,1,0.0,8.0,0
22.900,0,1,0.0,8.0,0
22.900,0,1,0.0,8.0,0
22.900,0,1,0.0,8.0,0
23.000,0,1,0.0,8.0,0
23.000,0,1,0.0,8.0,0
23.000,0,1,0.0,8.0,0
23.000,0,1,0.0,8.0,0
23.000,0,1,0.0,8.0,0
23.000,0,1,0.0,8.0,0
23.000,0,1,0.0,8.0,0
23.000,0,1,0.0,8.0,0
23.000,0,1,0.0,8.0,0
23.000,0,1,0.0,8.0,0
23.000,0,1,0.0,8.0,0
23.100,0,1,0.0,8.0,0
23.100,0,1,0.0,8.0,0
23.100,0,1,0.0,8.0,0
23.100,0,1,0.0,8.0,0
23.100,0,1,0.0,8.0,0
23.100,0,1,0.0,8.0,0
23.100,0,1,0.0,8.0,0
23.100,0,1,0.0,8.0,0
23.100,0,1,0.0,8.0,0
23.100,0,1,0.0,8.0,0
23.200,0,1,0.0,8.0,0
23.200,0,1,0.0,8.0,0
23.200,0,1,0.0,8.0,0
23.200,0,1,0.0,8.0,0
23.200,0,1,0.0,8.0,0
23.200,0,1,0.0,8.0,0
23.200,0,1,0.0,8.0,0
23.200,0,1,0.0,8.0,0
23.200,0,1,0.0,8.0,0
23.200,0,1,0.0,8.0,0
23.200,0,1,0.0,8.0,0
23.300,0,1,0.0,8.0,0
23.300,0,1,0.0,8.0,0
23.300,0,1,0.0,8.0,0
23.300,0,1,0.0,8.0,0
23.300,0,1,0.0,8.0,0
23.300,0,1,0.0,8.0,0
23.300,0,1,0.0,8.0,0
23.300,0,1,0.0,8.0,0
23.300,0,1,0.0,8.0,0
23.300,0,1,0.0,8.0,0
23.400,0,1,0.0,8.0,0
23.400,0,1,0.0,8.0,0
23.400,0,1,0.0,8.0,0
23.400,0,1,0.0,8.0,0
23.400,0,1,0.0,8.0,0
23.400,0,1,0.0,8.0,0
23.400,0,1,0.0,8.0,0
23.400,0,1,0.0,8.0,0
23.400,0,1,0.0,8.0,0
23.400,0,1,0.0,8.0,0
23.400,0,1,0.0,8.0,0
23.500,0,1,0.0,8.0,0
23.500,0,1,0.0,8.0,0
23.500,0,1,0.0,8.0,0
23.500,0,1,0.0,8.0,0
23.500,0,1,0.0,8.0,0
23.500,0,1,0.0,8.0,0
23.500,0,1,0.0,8.0,0
23.500,0,1,0.0,8.0,0
23.500,0,1,0.0,8.0,0
23.500,0,1,0.0,8.0,0
23.600,0,1,0.0,8.0,0
23.600,0,1,0.0,8.0,0
23.600,0,1,0.0,8.0,0
23.600,0,1,0.0,8.0,0
23.600,0,1,0.0,8.0,0
23.600,0,1,0.0,8.0,0
23.600,0,1,0.0,8.0,0
23.600,0,1,0.0,8.0,0
23.600,0,1,0.0,8.0,0
23.600,0,1,0.0,8.0,0
23.600,0,1,0.0,8.0,0
23.700,0,1,0.0,8.0,0
23.700,0,1,0.0,8.0,0
23.700,0,1,0.0,8.0,0
23.700,0,1,0.0,8.0,0
23.700,0,1,0.0,8.0,0
23.700,0,1,0.0,8.0,0
23.700,0,1,0.0,8.0,0
23.700,0,1,0.0,8.0,0
23.700,0,1,0.0,8.0,0
23.700,0,1,0.0,8.0,0
23.800,0,1,0.0,8.0,0
23.800,0,1,0.0,8.0,0
23.800,0,1,0.0,8.0,0
23.800,0,1,0.0,8.0,0
23.800,0,1,0.0,8.0,0
23.800,0,1,0.0,8.0,0
23.800,0,1,0.0,8.0,0
23.800,0,1,0.0,8.0,0
23.800,0,1,0.0,8.0,0
23.800,0,1,0.0,8.0,0
23.900,0,1,0.0,8.0,0
23.900,0,1,0.0,8.0,0
23.900,0,1,0.0,8.0,0
23.900,0,1,0.0,8.0,0
23.900,0,1,0.0,8.0,0
23.900,0,1,0.0,8.0,0
23.900,0,1,0.0,8.0,0
23.900,0,1,0.0,8.0,0
23.900,0,1,0.0,8.0,0
23.900,0,1,0.0,8.0,0
23.900,0,1,0.0,8.0,0
24.000,0,1,0.0,8.0,0
24.000,0,1,0.0,8.0,0
24.000,0,1,0.0,8.0,0
24.000,0,1,0.0,8.0,0
24.000,0,1,0.0,8.0,0
24.000,0,1,0.0,8.0,0
24.000,0,1,0.0,8.0,0
24.000,0,1,0.0,8.0,0
24.000,0,1,0.0,8.0,0
24.000,0,1,0.0,8.0,0
24.100,0,1,0.0,8.0,0
24.100,0,1,0.0,8.0,0
24.100,0,1,0.0,8.0,0
24.100,0,1,0.0,8.0,0
24.100,0,1,0.0,8.0,0
24.100,0,1,0.0,8.0,0
24.100,0,1,0.0,8.0,0
24.100,0,1,0.0,8.0,0
24.100,0,1,0.0,8.0,0
24.100,0,1,0.0,8.0,0
24.100,0,1,0.0,8.0,0
24.200,0,1,0.0,8.0,0
24.200,0,1,0.0,8.0,0
24.200,0,1,0.0,8.0,0
24.200,0,1,0.0,8.0,0
24.200,0,1,0.0,8.0,0
24.200,0,1,0.0,8.0,0
24.200,0,1,0.0,8.0,0
24.200,0,1,0.0,8.0,0
24.200,0,1,0.0,8.0,0
24.200,0,1,0.0,8.0,0
24.300,0,1,0.0,8.0,0
24.300,0,1,0.0,8.0,0
24.300,0,1,0.0,8.0,0
24.300,0,1,0.0,8.0,0
24.300,0,1,0.0,8.0,0
24.300,0,1,0.0,8.0,0
24.300,0,1,0.0,8.0,0
24.300,0,1,0.0,8.0,0
24.300,0,1,0.0,8.0,0
24.300,0,1,0.0,8.0,0
24.300,0,1,0.0,8.0,0
24.400,0,1,0.0,8.0,0
24.400,0,1,0.0,8.0,0
24.400,0,1,0.0,8.0,0
24.400,0,1,0.0,8.0,0
24.400,0,1,0.0,8.0,0
24.400,0,1,0.0,8.0,0
24.400,0,1,0.0,8.0,0
24.400,0,1,0.0,8.0,0
24.400,0,1,0.0,8.0,0
24.400,0,1,0.0,8.0,0
24.500,0,1,0.0,8.0,0
24.500,0,1,0.0,8.0,0
24.500,0,1,0.0,8.0,0
24.500,0,1,0.0,8.0,0
24.500,0,1,0.0,8.0,0
24.500,0,1,0.0,8.0,0
24.500,0,1,0.0,8.0,0
24.500,0,1,0.0,8.0,0
24.500,0,1,0.0,8.0,0
24.500,0,1,0.0,8.0,0
24.600,0,1,0.0,8.0,0
24.600,0,1,0.0,8.0,0
24.600,0,1,0.0,8.0,0
24.600,0,1,0.0,8.0,0
24.600,0,1,0.0,8.0,0
24.600,0,1,0.0,8.0,0
24.600,0,1,0.0,8.0,0
24.600,0,1,0.0,8.0,0
24.600,0,1,0.0,8.0,0
24.600,0,1,0.0,8.0,0
24.600,0,1,0.0,8.0,0
24.700,0,1,0.0,8.0,0
24.700,0,1,0.0,8.0,0
24.700,0,1,0.0,8.0,0
24.700,0,1,0.0,8.0,0
24.700,0,1,0.0,8.0,0
24.700,0,1,0.0,8.0,0
24.700,0,1,0.0,8.0,0
24.700,0,1,0.0,8.0,0
24.700,0,1,0.0,8.0,0
24.700,0,1,0.0,8.0,0
24.800,0,1,0.0,8.0,0
24.800,0,1,0.0,8.0,0
24.800,0,1,0.0,8.0,0
24.800,0,1,0.0,8.0,0
24.800,0,1,0.0,8.0,0
24.800,0,1,0.0,8.0,0
24.800,0,1,0.0,8.0,0
24.800,0,1,0.0,8.0,0
24.800,0,1,0.0,8.0,0
24.800,0,1,0.0,8.0,0
24.800,0,1,0.0,8.0,0
24.900,0,1,0.0,8.0,0
24.900,0,1,0.0,8.0,0
24.900,0,1,0.0,8.0,0
24.900,0,1,0.0,8.0,0
24.900,0,1,0.0,8.0,0
24.900,0,1,0.0,8.0,0
24.900,0,1,0.0,8.0,0
24.900,0,1,0.0,8.0,0
24.900,0,1,0.0,8.0,0
24.900,0,1,0.0,8.0,0
25.000,1,1,118.0,4.0,0
25.000,1,1,118.0,4.0,0
25.000,1,1,118.0,4.0,0
25.000,1,1,118.0,4.0,0
25.000,1,1,118.0,4.0,0
25.000,1,1,118.0,4.0,0
25.000,1,1,118.0,4.0,0
25.000,1,1,118.0,4.0,0
25.000,1,1,118.0,4.0,0
25.000,1,1,118.0,4.0,0
25.000,1,1,118.0,4.0,0
25.100,1,1,118.0,4.0,0
25.100,1,1,118.0,4.0,0
25.100,1,1,118.0,4.0,0
25.100,1,1,118.0,4.0,0
25.100,1,1,118.0,4.0,0
25.100,1,1,118.0,4.0,0
25.100,1,1,118.0,4.0,0
25.100,1,1,118.0,4.0,0
25.100,1,1,118.0,4.0,0
25.100,1,1,118.0,4.0,0
25.200,1,1,118.0,4.0,0
25.200,1,1,118.0,4.0,0
25.200,1,1,118.0,4.0,0
25.200,1,1,118.0,4.0,0
25.200,1,1,118.0,4.0,0
25.200,1,1,118.0,4.0,0
25.200,1,1,118.0,4.0,0
25.200,1,1,118.0,4.0,0
25.200,1,1,118.0,4.0,0
25.200,1,1,118.0,4.0,0
25.300,1,1,118.0,4.0,0
25.300,1,1,118.0,4.0,0
25.300,1,1,118.0,4.0,0
25.300,1,1,118.0,4.0,0
25.300,1,1,118.0,4.0,0
25.300,1,1,118.0,4.0,0
25.300,1,1,118.0,4.0,0
25.300,1,1,118.0,4.0,0
25.300,1,1,118.0,4.0,0
25.300,1,1,118.0,4.0,0
25.300,1,1,118.0,4.0,0
25.400,1,1,118.0,4.0,0
25.400,1,1,118.0,4.0,0
25.400,1,1,118.0,4.0,0
25.400,1,1,118.0,4.0,0
25.400,1,1,118.0,4.0,0
25.400,1,1,118.0,4.0,0
25.400,1,1,118.0,4.0,0
25.400,1,1,118.0,4.0,0
25.400,1,1,118.0,4.0,0
25.400,1,1,118.0,4.0,0
25.500,1,1,118.0,4.0,0
25.500,1,1,118.0,4.0,0
25.500,1,1,118.0,4.0,0
25.500,1,1,118.0,4.0,0
25.500,1,1,118.0,4.0,0
25.500,1,1,118.0,4.0,0
25.500,1,1,118.0,4.0,0
25.500,1,1,118.0,4.0,0
25.500,1,1,118.0,4.0,0
25.500,1,1,118.0,4.0,0
25.500,1,1,118.0,4.0,0
25.600,1,1,118.0,4.0,0
25.600,1,1,118.0,4.0,0
25.600,1,1,118.0,4.0,0
25.600,1,1,118.0,4.0,0
25.600,1,1,118.0,4.0,0
25.600,1,1,118.0,4.0,0
25.600,1,1,118.0,4.0,0
25.600,1,1,118.0,4.0,0
25.600,1,1,118.0,4.0,0
25.600,1,1,118.0,4.0,0
25.700,1,1,118.0,4.0,0
25.700,1,1,118.0,4.0,0
25.700,1,1,118.0,4.0,0
25.700,1,1,118.0,4.0,0
25.700,1,1,118.0,4.0,0
25.700,1,1,118.0,4.0,0
25.700,1,1,118.0,4.0,0
25.700,1,1,118.0,4.0,0
25.700,1,1,118.0,4.0,0
25.700,1,1,118.0,4.0,0
25.700,1,1,118.0,4.0,0
25.800,1,1,118.0,4.0,0
25.800,1,1,118.0,4.0,0
25.800,1,1,118.0,4.0,0
25.800,1,1,118.0,4.0,0
25.800,1,1,118.0,4.0,0
25.800,1,1,118.0,4.0,0
25.800,1,1,118.0,4.0,0
25.800,1,1,118.0,4.0,0
25.800,1,1,118.0,4.0,0
25.800,1,1,118.0,4.0,0
25.900,1,1,118.0,4.0,0
25.900,1,1,118.0,4.0,0
25.900,1,1,118.0,4.0,0
25.900,1,1,118.0,4.0,0
25.900,1,1,118.0,4.0,0
25.900,1,1,118.0,4.0,0
25.900,1,1,118.0,4.0,0
25.900,1,1,118.0,4.0,0
25.900,1,1,118.0,4.0,0
25.900,1,1,118.0,4.0,0
25.900,1,1,118.0,4.0,0
26.000,1,1,118.0,4.0,0
26.000,1,1,118.0,4.0,0
26.000,1,1,118.0,4.0,0
26.000,1,1,118.0,4.0,0
26.000,1,1,118.0,4.0,0
26.000,1,1,118.0,4.0,0
26.000,1,1,118.0,4.0,0
26.000,1,1,118.0,4.0,0
26.000,1,1,118.0,4.0,0
26.000,1,1,118.0,4.0,0
26.100,1,1,118.0,4.0,0
26.100,1,1,118.0,4.0,0
26.100,1,1,118.0,4.0,0
26.100,1,1,118.0,4.0,0
26.100,1,1,118.0,4.0,0
26.100,1,1,118.0,4.0,0
26.100,1,1,118.0,4.0,0
26.100,1,1,118.0,4.0,0
26.100,1,1,118.0,4.0,0
26.100,1,1,118.0,4.0,0
26.200,1,1,118.0,4.0,0
26.200,1,1,118.0,4.0,0
26.200,1,1,118.0,4.0,0
26.200,1,1,118.0,4.0,0
26.200,1,1,118.0,4.0,0
26.200,1,1,118.0,4.0,0
26.200,1,1,118.0,4.0,0
26.200,1,1,118.0,4.0,0
26.200,1,1,118.0,4.0,0
26.200,1,1,118.0,4.0,0
26.200,1,1,118.0,4.0,0
26.300,1,1,118.0,4.0,0
26.300,1,1,118.0,4.0,0
26.300,1,1,118.0,4.0,0
26.300,1,1,118.0,4.0,0
26.300,1,1,118.0,4.0,0
26.300,1,1,118.0,4.0,0
26.300,1,1,118.0,4.0,0
26.300,1,1,118.0,4.0,0
26.300,1,1,118.0,4.0,0
26.300,1,1,118.0,4.0,0
26.400,1,1,118.0,4.0,0
26.400,1,1,118.0,4.0,0
26.400,1,1,118.0,4.0,0
26.400,1,1,118.0,4.0,0
26.400,1,1,118.0,4.0,0
26.400,1,1,118.0,4.0,0
26.400,1,1,118.0,4.0,0
26.400,1,1,118.0,4.0,0
26.400,1,1,118.0,4.0,0
26.400,1,1,118.0,4.0,0
26.400,1,1,118.0,4.0,0
26.500,1,1,118.0,4.0,0
26.500,1,1,118.0,4.0,0
26.500,1,1,118.0,4.0,0
26.500,1,1,118.0,4.0,0
26.500,1,1,118.0,4.0,0
26.500,1,1,118.0,4.0,0
26.500,1,1,118.0,4.0,0
26.500,1,1,118.0,4.0,0
26.500,1,1,118.0,4.0,0
26.500,1,1,118.0,4.0,0
26.600,1,1,118.0,4.0,0
26.600,1,1,118.0,4.0,0
26.600,1,1,118.0,4.0,0
26.600,1,1,118.0,4.0,0
26.600,1,1,118.0,4.0,0
26.600,1,1,118.0,4.0,0
26.600,1,1,118.0,4.0,0
26.600,1,1,118.0,4.0,0
26.600,1,1,118.0,4.0,0
26.600,1,1,118.0,4.0,0
26.600,1,1,118.0,4.0,0
26.700,1,1,118.0,4.0,0
26.700,1,1,118.0,4.0,0
26.700,1,1,118.0,4.0,0
26.700,1,1,118.0,4.0,0
26.700,1,1,118.0,4.0,0
26.700,1,1,118.0,4.0,0
26.700,1,1,118.0,4.0,0
26.700,1,1,118.0,4.0,0
26.700,1,1,118.0,4.0,0
26.700,1,1,118.0,4.0,0
26.800,1,1,118.0,4.0,0
26.800,1,1,118.0,4.0,0
26.800,1,1,118.0,4.0,0
26.800,1,1,118.0,4.0,0
26.800,1,1,118.0,4.0,0
26.800,1,1,118.0,4.0,0
26.800,1,1,118.0,4.0,0
26.800,1,1,118.0,4.0,0
26.800,1,1,118.0,4.0,0
26.800,1,1,118.0,4.0,0
26.900,1,1,118.0,4.0,0
26.900,1,1,118.0,4.0,0
26.900,1,1,118.0,4.0,0
26.900,1,1,118.0,4.0,0
26.900,1,1,118.0,4.0,0
26.900,1,1,118.0,4.0,0
26.900,1,1,118.0,4.0,0
26.900,1,1,118.0,4.0,0
26.900,1,1,118.0,4.0,0
26.900,1,1,118.0,4.0,0
26.900,1,1,118.0,4.0,0
27.000,1,1,118.0,4.0,0
27.000,1,1,118.0,4.0,0
27.000,1,1,118.0,4.0,0
27.000,1,1,118.0,4.0,0
27.000,1,1,118.0,4.0,0
27.000,1,1,118.0,4.0,0
27.000,1,1,118.0,4.0,0
27.000,1,1,118.0,4.0,0
27.000,1,1,118.0,4.0,0
27.000,1,1,118.0,4.0,0
27.100,1,1,118.0,4.0,0
27.100,1,1,118.0,4.0,0
27.100,1,1,118.0,4.0,0
27.100,1,1,118.0,4.0,0
27.100,1,1,118.0,4.0,0
27.100,1,1,118.0,4.0,0
27.100,1,1,118.0,4.0,0
27.100,1,1,118.0,4.0,0
27.100,1,1,118.0,4.0,0
27.100,1,1,118.0,4.0,0
27.100,1,1,118.0,4.0,0
27.200,1,1,118.0,4.0,0
27.200,1,1,118.0,4.0,0
27.200,1,1,118.0,4.0,0
27.200,1,1,118.0,4.0,0
27.200,1,1,118.0,4.0,0
27.200,1,1,118.0,4.0,0
27.200,1,1,118.0,4.0,0
27.200,1,1,118.0,4.0,0
27.200,1,1,118.0,4.0,0
27.200,1,1,118.0,4.0,0
27.300,1,1,118.0,4.0,0
27.300,1,1,118.0,4.0,0
27.300,1,1,118.0,4.0,0
27.300,1,1,118.0,4.0,0
27.300,1,1,118.0,4.0,0
27.300,1,1,118.0,4.0,0
27.300,1,1,118.0,4.0,0
27.300,1,1,118.0,4.0,0
27.300,1,1,118.0,4.0,0
27.300,1,1,118.0,4.0,0
27.300,1,1,118.0,4.0,0
27.400,1,1,118.0,4.0,0
27.400,1,1,118.0,4.0,0
27.400,1,1,118.0,4.0,0
27.400,1,1,118.0,4.0,0
27.400,1,1,118.0,4.0,0
27.400,1,1,118.0,4.0,0
27.400,1,1,118.0,4.0,0
27.400,1,1,118.0,4.0,0
27.400,1,1,118.0,4.0,0
27.400,1,1,118.0,4.0,0
27.500,1,1,118.0,4.0,0
27.500,1,1,118.0,4.0,0
27.500,1,1,118.0,4.0,0
27.500,1,1,118.0,4.0,0
27.500,1,1,118.0,4.0,0
27.500,1,1,118.0,4.0,0
27.500,1,1,118.0,4.0,0
27.500,1,1,118.0,4.0,0
27.500,1,1,118.0,4.0,0
27.500,1,1,118.0,4.0,0
27.600,1,1,118.0,4.0,0
27.600,1,1,118.0,4.0,0
27.600,1,1,118.0,4.0,0
27.600,1,1,118.0,4.0,0
27.600,1,1,118.0,4.0,0
27.600,1,1,118.0,4.0,0
27.600,1,1,118.0,4.0,0
27.600,1,1,118.0,4.0,0
27.600,1,1,118.0,4.0,0
27.600,1,1,118.0,4.0,0
27.600,1,1,118.0,4.0,0
27.700,1,1,118.0,4.0,0
27.700,1,1,118.0,4.0,0
27.700,1,1,118.0,4.0,0
27.700,1,1,118.0,4.0,0
27.700,1,1,118.0,4.0,0
27.700,1,1,118.0,4.0,0
27.700,1,1,118.0,4.0,0
27.700,1,1,118.0,4.0,0
27.700,1,1,118.0,4.0,0
27.700,1,1,118.0,4.0,0
27.800,1,1,118.0,4.0,0
27.800,1,1,118.0,4.0,0
27.800,1,1,118.0,4.0,0
27.800,1,1,118.0,4.0,0
27.800,1,1,118.0,4.0,0
27.800,1,1,118.0,4.0,0
27.800,1,1,118.0,4.0,0
27.800,1,1,118.0,4.0,0
27.800,1,1,118.0,4.0,0
27.800,1,1,118.0,4.0,0
27.800,1,1,118.0,4.0,0
27.900,1,1,118.0,4.0,0
27.900,1,1,118.0,4.0,0
27.900,1,1,118.0,4.0,0
27.900,1,1,118.0,4.0,0
27.900,1,1,118.0,4.0,0
27.900,1,1,118.0,4.0,0
27.900,1,1,118.0,4.0,0
27.900,1,1,118.0,4.0,0
27.900,1,1,118.0,4.0,0
27.900,1,1,118.0,4.0,0
28.000,1,1,118.0,4.0,0
28.000,1,1,118.0,4.0,0
28.000,1,1,118.0,4.0,0
28.000,1,1,118.0,4.0,0
28.000,1,1,118.0,4.0,0
28.000,1,1,118.0,4.0,0
28.000,1,1,118.0,4.0,0
28.000,1,1,118.0,4.0,0
28.000,1,1,118.0,4.0,0
28.000,1,1,118.0,4.0,0
28.000,1,1,118.0,4.0,0
28.100,1,1,118.0,4.0,0
28.100,1,1,118.0,4.0,0
28.100,1,1,118.0,4.0,0
28.100,1,1,118.0,4.0,0
28.100,1,1,118.0,4.0,0
28.100,1,1,118.0,4.0,0
28.100,1,1,118.0,4.0,0
28.100,1,1,118.0,4.0,0
28.100,1,1,118.0,4.0,0
28.100,1,1,118.0,4.0,0
28.200,1,1,118.0,4.0,0
28.200,1,1,118.0,4.0,0
28.200,1,1,118.0,4.0,0
28.200,1,1,118.0,4.0,0
28.200,1,1,118.0,4.0,0
28.200,1,1,118.0,4.0,0
28.200,1,1,118.0,4.0,0
28.200,1,1,118.0,4.0,0
28.200,1,1,118.0,4.0,0
28.200,1,1,118.0,4.0,0
28.200,1,1,118.0,4.0,0
28.300,1,1,118.0,4.0,0
28.300,1,1,118.0,4.0,0
28.300,1,1,118.0,4.0,0
28.300,1,1,118.0,4.0,0
28.300,1,1,118.0,4.0,0
28.300,1,1,118.0,4.0,0
28.300,1,1,118.0,4.0,0
28.300,1,1,118.0,4.0,0
28.300,1,1,118.0,4.0,0
28.300,1,1,118.0,4.0,0
28.400,1,1,118.0,4.0,0
28.400,1,1,118.0,4.0,0
28.400,1,1,118.0,4.0,0
28.400,1,1,118.0,4.0,0
28.400,1,1,118.0,4.0,0
28.400,1,1,118.0,4.0,0
28.400,1,1,118.0,4.0,0
28.400,1,1,118.0,4.0,0
28.400,1,1,118.0,4.0,0
28.400,1,1,118.0,4.0,0
28.500,1,1,118.0,4.0,0
28.500,1,1,118.0,4.0,0
28.500,1,1,118.0,4.0,0
28.500,1,1,118.0,4.0,0
28.500,1,1,118.0,4.0,0
28.500,1,1,118.0,4.0,0
28.500,1,1,118.0,4.0,0
28.500,1,1,118.0,4.0,0
28.500,1,1,118.0,4.0,0
28.500,1,1,118.0,4.0,0
28.500,1,1,118.0,4.0,0
28.600,1,1,118.0,4.0,0
28.600,1,1,118.0,4.0,0
28.600,1,1,118.0,4.0,0
28.600,1,1,118.0,4.0,0
28.600,1,1,118.0,4.0,0
28.600,1,1,118.0,4.0,0
28.600,1,1,118.0,4.0,0
28.600,1,1,118.0,4.0,0
28.600,1,1,118.0,4.0,0
28.600,1,1,118.0,4.0,0
28.700,1,1,118.0,4.0,0
28.700,1,1,118.0,4.0,0
28.700,1,1,118.0,4.0,0
28.700,1,1,118.0,4.0,0
28.700,1,1,118.0,4.0,0
28.700,1,1,118.0,4.0,0
28.700,1,1,118.0,4.0,0
28.700,1,1,118.0,4.0,0
28.700,1,1,118.0,4.0,0
28.700,1,1,118.0,4.0,0
28.700,1,1,118.0,4.0,0
28.800,1,1,118.0,4.0,0
28.800,1,1,118.0,4.0,0
28.800,1,1,118.0,4.0,0
28.800,1,1,118.0,4.0,0
28.800,1,1,118.0,4.0,0
28.800,1,1,118.0,4.0,0
28.800,1,1,118.0,4.0,0
28.800,1,1,118.0,4.0,0
28.800,1,1,118.0,4.0,0
28.800,1,1,118.0,4.0,0
28.900,1,1,118.0,4.0,0
28.900,1,1,118.0,4.0,0
28.900,1,1,118.0,4.0,0
28.900,1,1,118.0,4.0,0
28.900,1,1,118.0,4.0,0
28.900,1,1,118.0,4.0,0
28.900,1,1,118.0,4.0,0
28.900,1,1,118.0,4.0,0
28.900,1,1,118.0,4.0,0
28.900,1,1,118.0,4.0,0
28.900,1,1,118.0,4.0,0
29.000,1,1,118.0,4.0,0
29.000,1,1,118.0,4.0,0
29.000,1,1,118.0,4.0,0
29.000,1,1,118.0,4.0,0
29.000,1,1,118.0,4.0,0
29.000,1,1,118.0,4.0,0
29.000,1,1,118.0,4.0,0
29.000,1,1,118.0,4.0,0
29.000,1,1,118.0,4.0,0
29.000,1,1,118.0,4.0,0
29.100,1,1,118.0,4.0,0
29.100,1,1,118.0,4.0,0
29.100,1,1,118.0,4.0,0
29.100,1,1,118.0,4.0,0
29.100,1,1,118.0,4.0,0
29.100,1,1,118.0,4.0,0
29.100,1,1,118.0,4.0,0
29.100,1,1,118.0,4.0,0
29.100,1,1,118.0,4.0,0
29.100,1,1,118.0,4.0,0
29.200,1,1,118.0,4.0,0
29.200,1,1,118.0,4.0,0
29.200,1,1,118.0,4.0,0
29.200,1,1,118.0,4.0,0
29.200,1,1,118.0,4.0,0
29.200,1,1,118.0,4.0,0
29.200,1,1,118.0,4.0,0
29.200,1,1,118.0,4.0,0
29.200,1,1,118.0,4.0,0
29.200,1,1,118.0,4.0,0
29.200,1,1,118.0,4.0,0
29.300,1,1,118.0,4.0,0
29.300,1,1,118.0,4.0,0
29.300,1,1,118.0,4.0,0
29.300,1,1,118.0,4.0,0
29.300,1,1,118.0,4.0,0
29.300,1,1,118.0,4.0,0
29.300,1,1,118.0,4.0,0
29.300,1,1,118.0,4.0,0
29.300,1,1,118.0,4.0,0
29.300,1,1,118.0,4.0,0
29.400,1,1,118.0,4.0,0
29.400,1,1,118.0,4.0,0
29.400,1,1,118.0,4.0,0
29.400,1,1,118.0,4.0,0
29.400,1,1,118.0,4.0,0
29.400,1,1,118.0,4.0,0
29.400,1,1,118.0,4.0,0
29.400,1,1,118.0,4.0,0
29.400,1,1,118.0,4.0,0
29.400,1,1,118.0,4.0,0
29.400,1,1,118.0,4.0,0
29.500,1,1,118.0,4.0,0
29.500,1,1,118.0,4.0,0
29.500,1,1,118.0,4.0,0
29.500,1,1,118.0,4.0,0
29.500,1,1,118.0,4.0,0
29.500,1,1,118.0,4.0,0
29.500,1,1,118.0,4.0,0
29.500,1,1,118.0,4.0,0
29.500,1,1,118.0,4.0,0
29.500,1,1,118.0,4.0,0
29.600,1,1,118.0,4.0,0
29.600,1,1,118.0,4.0,0
29.600,1,1,118.0,4.0,0
29.600,1,1,118.0,4.0,0
29.600,1,1,118.0,4.0,0
29.600,1,1,118.0,4.0,0
29.600,1,1,118.0,4.0,0
29.600,1,1,118.0,4.0,0
29.600,1,1,118.0,4.0,0
29.600,1,1,118.0,4.0,0
29.600,1,1,118.0,4.0,0
29.700,1,1,118.0,4.0,0
29.700,1,1,118.0,4.0,0
29.700,1,1,118.0,4.0,0
29.700,1,1,118.0,4.0,0
29.700,1,1,118.0,4.0,0
29.700,1,1,118.0,4.0,0
29.700,1,1,118.0,4.0,0
29.700,1,1,118.0,4.0,0
29.700,1,1,118.0,4.0,0
29.700,1,1,118.0,4.0,0
29.800,1,1,118.0,4.0,0
29.800,1,1,118.0,4.0,0
29.800,1,1,118.0,4.0,0
29.800,1,1,118.0,4.0,0
29.800,1,1,118.0,4.0,0
29.800,1,1,118.0,4.0,0
29.800,1,1,118.0,4.0,0
29.800,1,1,118.0,4.0,0
29.800,1,1,118.0,4.0,0
29.800,1,1,118.0,4.0,0
29.900,1,1,118.0,4.0,0
29.900,1,1,118.0,4.0,0
29.900,1,1,118.0,4.0,0
29.900,1,1,118.0,4.0,0
29.900,1,1,118.0,4.0,0
29.900,1,1,118.0,4.0,0
29.900,1,1,118.0,4.0,0
29.900,1,1,118.0,4.0,0
29.900,1,1,118.0,4.0,0
29.900,1,1,118.0,4.0,0
29.900,1,1,118.0,4.0,0
30.000,1,1,118.0,4.0,0
30.000,1,1,118.0,4.0,0
30.000,1,1,118.0,4.0,0
30.000,1,1,118.0,4.0,0
30.000,1,1,118.0,4.0,0
30.000,1,1,118.0,4.0,0
30.000,1,1,118.0,4.0,0
30.000,1,1,118.0,4.0,0
30.000,1,1,118.0,4.0,0
30.000,1,1,118.0,4.0,0
30.100,1,1,118.0,4.0,0
30.100,1,1,118.0,4.0,0
30.100,1,1,118.0,4.0,0
30.100,1,1,118.0,4.0,0
30.100,1,1,118.0,4.0,0
30.100,1,1,118.0,4.0,0
30.100,1,1,118.0,4.0,0
30.100,1,1,118.0,4.0,0
30.100,1,1,118.0,4.0,0
30.100,1,1,118.0,4.0,0
30.100,1,1,118.0,4.0,0
30.200,1,1,118.0,4.0,0
30.200,1,1,118.0,4.0,0
30.200,1,1,118.0,4.0,0
30.200,1,1,118.0,4.0,0
30.200,1,1,118.0,4.0,0
30.200,1,1,118.0,4.0,0
30.200,1,1,118.0,4.0,0
30.200,1,1,118.0,4.0,0
30.200,1,1,118.0,4.0,0
30.200,1,1,118.0,4.0,0
30.300,1,1,118.0,4.0,0
30.300,1,1,118.0,4.0,0
30.300,1,1,118.0,4.0,0
30.300,1,1,118.0,4.0,0
30.300,1,1,118.0,4.0,0
30.300,1,1,118.0,4.0,0
30.300,1,1,118.0,4.0,0
30.300,1,1,118.0,4.0,0
30.300,1,1,118.0,4.0,0
30.300,1,1,118.0,4.0,0
30.300,1,1,118.0,4.0,0
30.400,1,1,118.0,4.0,0
30.400,1,1,118.0,4.0,0
30.400,1,1,118.0,4.0,0
30.400,1,1,118.0,4.0,0
30.400,1,1,118.0,4.0,0
30.400,1,1,118.0,4.0,0
30.400,1,1,118.0,4.0,0
30.400,1,1,118.0,4.0,0
30.400,1,1,118.0,4.0,0
30.400,1,1,118.0,4.0,0
30.500,1,1,118.0,4.0,0
30.500,1,1,118.0,4.0,0
30.500,1,1,118.0,4.0,0
30.500,1,1,118.0,4.0,0
30.500,1,1,118.0,4.0,0
30.500,1,1,118.0,4.0,0
30.500,1,1,118.0,4.0,0
30.500,1,1,118.0,4.0,0
30.500,1,1,118.0,4.0,0
30.500,1,1,118.0,4.0,0
30.500,1,1,118.0,4.0,0
30.600,1,1,118.0,4.0,0
30.600,1,1,118.0,4.0,0
30.600,1,1,118.0,4.0,0
30.600,1,1,118.0,4.0,0
30.600,1,1,118.0,4.0,0
30.600,1,1,118.0,4.0,0
30.600,1,1,118.0,4.0,0
30.600,1,1,118.0,4.0,0
30.600,1,1,118.0,4.0,0
30.600,1,1,118.0,4.0,0
30.700,1,1,118.0,4.0,0
30.700,1,1,118.0,4.0,0
30.700,1,1,118.0,4.0,0
30.700,1,1,118.0,4.0,0
30.700,1,1,118.0,4.0,0
30.700,1,1,118.0,4.0,0
30.700,1,1,118.0,4.0,0
30.700,1,1,118.0,4.0,0
30.700,1,1,118.0,4.0,0
30.700,1,1,118.0,4.0,0
30.800,1,1,118.0,4.0,0
30.800,1,1,118.0,4.0,0
30.800,1,1,118.0,4.0,0
30.800,1,1,118.0,4.0,0
30.800,1,1,118.0,4.0,0
30.800,1,1,118.0,4.0,0
30.800,1,1,118.0,4.0,0
30.800,1,1,118.0,4.0,0
30.800,1,1,118.0,4.0,0
30.800,1,1,118.0,4.0,0
30.800,1,1,118.0,4.0,0
30.900,1,1,118.0,4.0,0
30.900,1,1,118.0,4.0,0
30.900,1,1,118.0,4.0,0
30.900,1,1,118.0,4.0,0
30.900,1,1,118.0,4.0,0
30.900,1,1,118.0,4.0,0
30.900,1,1,118.0,4.0,0
30.900,1,1,118.0,4.0,0
30.900,1,1,118.0,4.0,0
30.900,1,1,118.0,4.0,0
31.000,1,1,118.0,4.0,0
31.000,1,1,118.0,4.0,0
31.000,1,1,118.0,4.0,0
31.000,1,1,118.0,4.0,0
31.000,1,1,118.0,4.0,0
31.000,1,1,118.0,4.0,0
31.000,1,1,118.0,4.0,0
31.000,1,1,118.0,4.0,0
31.000,1,1,118.0,4.0,0
31.000,1,1,118.0,4.0,0
31.000,1,1,118.0,4.0,0
31.100,1,1,118.0,4.0,0
31.100,1,1,118.0,4.0,0
31.100,1,1,118.0,4.0,0
31.100,1,1,118.0,4.0,0
31.100,1,1,118.0,4.0,0
31.100,1,1,118.0,4.0,0
31.100,1,1,118.0,4.0,0
31.100,1,1,118.0,4.0,0
31.100,1,1,118.0,4.0,0
31.100,1,1,118.0,4.0,0
31.200,1,1,118.0,4.0,0
31.200,1,1,118.0,4.0,0
31.200,1,1,118.0,4.0,0
31.200,1,1,118.0,4.0,0
31.200,1,1,118.0,4.0,0
31.200,1,1,118.0,4.0,0
31.200,1,1,118.0,4.0,0
31.200,1,1,118.0,4.0,0
31.200,1,1,118.0,4.0,0
31.200,1,1,118.0,4.0,0
31.200,1,1,118.0,4.0,0
31.300,1,1,118.0,4.0,0
31.300,1,1,118.0,4.0,0
31.300,1,1,118.0,4.0,0
31.300,1,1,118.0,4.0,0
31.300,1,1,118.0,4.0,0
31.300,1,1,118.0,4.0,0
31.300,1,1,118.0,4.0,0
31.300,1,1,118.0,4.0,0
31.300,1,1,118.0,4.0,0
31.300,1,1,118.0,4.0,0
31.400,1,1,118.0,4.0,0
31.400,1,1,118.0,4.0,0
31.400,1,1,118.0,4.0,0
31.400,1,1,118.0,4.0,0
31.400,1,1,118.0,4.0,0
31.400,1,1,118.0,4.0,0
31.400,1,1,118.0,4.0,0
31.400,1,1,118.0,4.0,0
31.400,1,1,118.0,4.0,0
31.400,1,1,118.0,4.0,0
31.500,1,1,118.0,4.0,0
31.500,1,1,118.0,4.0,0
31.500,1,1,118.0,4.0,0
31.500,1,1,118.0,4.0,0
31.500,1,1,118.0,4.0,0
31.500,1,1,118.0,4.0,0
31.500,1,1,118.0,4.0,0
31.500,1,1,118.0,4.0,0
31.500,1,1,118.0,4.0,0
31.500,1,1,118.0,4.0,0
31.500,1,1,118.0,4.0,0
31.600,1,1,118.0,4.0,0
31.600,1,1,118.0,4.0,0
31.600,1,1,118.0,4.0,0
31.600,1,1,118.0,4.0,0
31.600,1,1,118.0,4.0,0
31.600,1,1,118.0,4.0,0
31.600,1,1,118.0,4.0,0
31.600,1,1,118.0,4.0,0
31.600,1,1,118.0,4.0,0
31.600,1,1,118.0,4.0,0
31.700,1,1,118.0,4.0,0
31.700,1,1,118.0,4.0,0
31.700,1,1,118.0,4.0,0
31.700,1,1,118.0,4.0,0
31.700,1,1,118.0,4.0,0
31.700,1,1,118.0,4.0,0
31.700,1,1,118.0,4.0,0
31.700,1,1,118.0,4.0,0
31.700,1,1,118.0,4.0,0
31.700,1,1,118.0,4.0,0
31.700,1,1,118.0,4.0,0
31.800,1,1,118.0,4.0,0
31.800,1,1,118.0,4.0,0
31.800,1,1,118.0,4.0,0
31.800,1,1,118.0,4.0,0
31.800,1,1,118.0,4.0,0
31.800,1,1,118.0,4.0,0
31.800,1,1,118.0,4.0,0
31.800,1,1,118.0,4.0,0
31.800,1,1,118.0,4.0,0
31.800,1,1,118.0,4.0,0
31.900,1,1,118.0,4.0,0
31.900,1,1,118.0,4.0,0
31.900,1,1,118.0,4.0,0
31.900,1,1,118.0,4.0,0
31.900,1,1,118.0,4.0,0
31.900,1,1,118.0,4.0,0
31.900,1,1,118.0,4.0,0
31.900,1,1,118.0,4.0,0
31.900,1,1,118.0,4.0,0
31.900,1,1,118.0,4.0,0
31.900,1,1,118.0,4.0,0
32.000,1,1,118.0,4.0,0
32.000,1,1,118.0,4.0,0
32.000,1,1,118.0,4.0,0
32.000,1,1,118.0,4.0,0
32.000,1,1,118.0,4.0,0
32.000,1,1,118.0,4.0,0
32.000,1,1,118.0,4.0,0
32.000,1,1,118.0,4.0,0
32.000,1,1,118.0,4.0,0
32.000,1,1,118.0,4.0,0
32.100,1,1,118.0,4.0,1
32.100,1,1,118.0,4.0,1
32.100,1,1,118.0,4.0,1
32.100,1,1,118.0,4.0,1
32.100,1,1,118.0,4.0,1
32.100,1,1,118.0,4.0,1
32.100,1,1,118.0,4.0,1
32.100,1,1,118.0,4.0,1
32.100,1,1,118.0,4.0,1
32.100,1,1,118.0,4.0,1
32.200,0,0,0.0,0.0,1
32.200,0,0,0.0,0.0,1
32.200,0,0,0.0,0.0,1
32.200,0,0,0.0,0.0,1
32.200,0,0,0.0,0.0,1
32.200,0,0,0.0,0.0,1
32.200,0,0,0.0,0.0,1
32.200,0,0,0.0,0.0,1
32.200,0,0,0.0,0.0,1
32.200,0,0,0.0,0.0,1
32.200,0,0,0.0,0.0,1
32.300,0,0,0.0,0.0,1
32.300,0,0,0.0,0.0,1
32.300,0,0,0.0,0.0,1
32.300,0,0,0.0,0.0,1
32.300,0,0,0.0,0.0,1
32.300,0,0,0.0,0.0,1
32.300,0,0,0.0,0.0,1
32.300,0,0,0.0,0.0,1
32.300,0,0,0.0,0.0,1
32.300,0,0,0.0,0.0,1
32.400,0,0,0.0,0.0,1
32.400,0,0,0.0,0.0,1
32.400,0,0,0.0,0.0,1
32.400,0,0,0.0,0.0,1
32.400,0,0,0.0,0.0,1
32.400,0,0,0.0,0.0,1
32.400,0,0,0.0,0.0,1
32.400,0,0,0.0,0.0,1
32.400,0,0,0.0,0.0,1
32.400,0,0,0.0,0.0,1
32.400,0,0,0.0,0.0,1
32.500,0,0,0.0,0.0,1
32.500,0,0,0.0,0.0,1
32.500,0,0,0.0,0.0,1
32.500,0,0,0.0,0.0,1
32.500,0,0,0.0,0.0,1
32.500,0,0,0.0,0.0,1
32.500,0,0,0.0,0.0,1
32.500,0,0,0.0,0.0,1
32.500,0,0,0.0,0.0,1
32.500,0,0,0.0,0.0,1
32.600,0,0,0.0,0.0,1
32.600,0,0,0.0,0.0,1
32.600,0,0,0.0,0.0,1
32.600,0,0,0.0,0.0,1
32.600,0,0,0.0,0.0,1
32.600,0,0,0.0,0.0,1
32.600,0,0,0.0,0.0,1
32.600,0,0,0.0,0.0,1
32.600,0,0,0.0,0.0,1
32.600,0,0,0.0,0.0,1
32.600,0,0,0.0,0.0,1
32.700,0,0,0.0,0.0,1
32.700,0,0,0.0,0.0,1
32.700,0,0,0.0,0.0,1
32.700,0,0,0.0,0.0,1
32.700,0,0,0.0,0.0,1
32.700,0,0,0.0,0.0,1
32.700,0,0,0.0,0.0,1
32.700,0,0,0.0,0.0,1
32.700,0,0,0.0,0.0,1
32.700,0,0,0.0,0.0,1
32.800,0,0,0.0,0.0,1
32.800,0,0,0.0,0.0,1
32.800,0,0,0.0,0.0,1
32.800,0,0,0.0,0.0,1
32.800,0,0,0.0,0.0,1
32.800,0,0,0.0,0.0,1
32.800,0,0,0.0,0.0,1
32.800,0,0,0.0,0.0,1
32.800,0,0,0.0,0.0,1
32.800,0,0,0.0,0.0,1
32.800,0,0,0.0,0.0,1
32.900,0,0,0.0,0.0,1
32.900,0,0,0.0,0.0,1
32.900,0,0,0.0,0.0,1
32.900,0,0,0.0,0.0,1
32.900,0,0,0.0,0.0,1
32.900,0,0,0.0,0.0,1
32.900,0,0,0.0,0.0,1
32.900,0,0,0.0,0.0,1
32.900,0,0,0.0,0.0,1
32.900,0,0,0.0,0.0,1
33.000,0,0,0.0,0.0,1
33.000,0,0,0.0,0.0,1
33.000,0,0,0.0,0.0,1
33.000,0,0,0.0,0.0,1
33.000,0,0,0.0,0.0,1
33.000,0,0,0.0,0.0,1
33.000,0,0,0.0,0.0,1
33.000,0,0,0.0,0.0,1
33.000,0,0,0.0,0.0,1
33.000,0,0,0.0,0.0,1
33.100,0,0,0.0,0.0,1
33.100,0,0,0.0,0.0,1
33.100,0,0,0.0,0.0,1
33.100,0,0,0.0,0.0,1
33.100,0,0,0.0,0.0,1
33.100,0,0,0.0,0.0,1
33.100,0,0,0.0,0.0,1
33.100,0,0,0.0,0.0,1
33.100,0,0,0.0,0.0,1
33.100,0,0,0.0,0.0,1
33.100,0,0,0.0,0.0,1
33.200,0,0,0.0,0.0,1
33.200,0,0,0.0,0.0,1
33.200,0,0,0.0,0.0,1
33.200,0,0,0.0,0.0,1
33.200,0,0,0.0,0.0,1
33.200,0,0,0.0,0.0,1
33.200,0,0,0.0,0.0,1
33.200,0,0,0.0,0.0,1
33.200,0,0,0.0,0.0,1
33.200,0,0,0.0,0.0,1
33.300,0,0,0.0,0.0,1
33.300,0,0,0.0,0.0,1
33.300,0,0,0.0,0.0,1
33.300,0,0,0.0,0.0,1
33.300,0,0,0.0,0.0,1
33.300,0,0,0.0,0.0,1
33.300,0,0,0.0,0.0,1
33.300,0,0,0.0,0.0,1
33.300,0,0,0.0,0.0,1
33.300,0,0,0.0,0.0,1
33.300,0,0,0.0,0.0,1
33.400,0,0,0.0,0.0,1
33.400,0,0,0.0,0.0,1
33.400,0,0,0.0,0.0,1
33.400,0,0,0.0,0.0,1
33.400,0,0,0.0,0.0,1
33.400,0,0,0.0,0.0,1
33.400,0,0,0.0,0.0,1
33.400,0,0,0.0,0.0,1
33.400,0,0,0.0,0.0,1
33.400,0,0,0.0,0.0,1
33.500,0,0,0.0,0.0,1
33.500,0,0,0.0,0.0,1
33.500,0,0,0.0,0.0,1
33.500,0,0,0.0,0.0,1
33.500,0,0,0.0,0.0,1
33.500,0,0,0.0,0.0,1
33.500,0,0,0.0,0.0,1
33.500,0,0,0.0,0.0,1
33.500,0,0,0.0,0.0,1
33.500,0,0,0.0,0.0,1
33.500,0,0,0.0,0.0,1
33.600,0,0,0.0,0.0,1
33.600,0,0,0.0,0.0,1
33.600,0,0,0.0,0.0,1
33.600,0,0,0.0,0.0,1
33.600,0,0,0.0,0.0,1
33.600,0,0,0.0,0.0,1
33.600,0,0,0.0,0.0,1
33.600,0,0,0.0,0.0,1
33.600,0,0,0.0,0.0,1
33.600,0,0,0.0,0.0,1
33.700,0,0,0.0,0.0,1
33.700,0,0,0.0,0.0,1
33.700,0,0,0.0,0.0,1
33.700,0,0,0.0,0.0,1
33.700,0,0,0.0,0.0,1
33.700,0,0,0.0,0.0,1
33.700,0,0,0.0,0.0,1
33.700,0,0,0.0,0.0,1
33.700,0,0,0.0,0.0,1
33.700,0,0,0.0,0.0,1
33.800,0,0,0.0,0.0,1
33.800,0,0,0.0,0.0,1
33.800,0,0,0.0,0.0,1
33.800,0,0,0.0,0.0,1
33.800,0,0,0.0,0.0,1
33.800,0,0,0.0,0.0,1
33.800,0,0,0.0,0.0,1
33.800,0,0,0.0,0.0,1
33.800,0,0,0.0,0.0,1
33.800,0,0,0.0,0.0,1
33.800,0,0,0.0,0.0,1
33.900,0,0,0.0,0.0,1
33.900,0,0,0.0,0.0,1
33.900,0,0,0.0,0.0,1
33.900,0,0,0.0,0.0,1
33.900,0,0,0.0,0.0,1
33.900,0,0,0.0,0.0,1
33.900,0,0,0.0,0.0,1
33.900,0,0,0.0,0.0,1
33.900,0,0,0.0,0.0,1
33.900,0,0,0.0,0.0,1
34.000,0,0,0.0,0.0,1
34.000,0,0,0.0,0.0,1
34.000,0,0,0.0,0.0,1
34.000,0,0,0.0,0.0,1
34.000,0,0,0.0,0.0,1
34.000,0,0,0.0,0.0,1
34.000,0,0,0.0,0.0,1
34.000,0,0,0.0,0.0,1
34.000,0,0,0.0,0.0,1
34.000,0,0,0.0,0.0,1
34.000,0,0,0.0,0.0,1
34.100,0,0,0.0,0.0,1
34.100,0,0,0.0,0.0,1
34.100,0,0,0.0,0.0,1
34.100,0,0,0.0,0.0,1
34.100,0,0,0.0,0.0,1
34.100,0,0,0.0,0.0,1
34.100,0,0,0.0,0.0,1
34.100,0,0,0.0,0.0,1
34.100,0,0,0.0,0.0,1
34.100,0,0,0.0,0.0,1
34.200,0,0,0.0,0.0,1
34.200,0,0,0.0,0.0,1
34.200,0,0,0.0,0.0,1
34.200,0,0,0.0,0.0,1
34.200,0,0,0.0,0.0,1
34.200,0,0,0.0,0.0,1
34.200,0,0,0.0,0.0,1
34.200,0,0,0.0,0.0,1
34.200,0,0,0.0,0.0,1
34.200,0,0,0.0,0.0,1
34.200,0,0,0.0,0.0,1
34.300,0,0,0.0,0.0,1
34.300,0,0,0.0,0.0,1
34.300,0,0,0.0,0.0,1
34.300,0,0,0.0,0.0,1
34.300,0,0,0.0,0.0,1
34.300,0,0,0.0,0.0,1
34.300,0,0,0.0,0.0,1
34.300,0,0,0.0,0.0,1
34.300,0,0,0.0,0.0,1
34.300,0,0,0.0,0.0,1
34.400,0,0,0.0,0.0,1
34.400,0,0,0.0,0.0,1
34.400,0,0,0.0,0.0,1
34.400,0,0,0.0,0.0,1
34.400,0,0,0.0,0.0,1
34.400,0,0,0.0,0.0,1
34.400,0,0,0.0,0.0,1
34.400,0,0,0.0,0.0,1
34.400,0,0,0.0,0.0,1
34.400,0,0,0.0,0.0,1
34.500,0,0,0.0,0.0,1
34.500,0,0,0.0,0.0,1
34.500,0,0,0.0,0.0,1
34.500,0,0,0.0,0.0,1
34.500,0,0,0.0,0.0,1
34.500,0,0,0.0,0.0,1
34.500,0,0,0.0,0.0,1
34.500,0,0,0.0,0.0,1
34.500,0,0,0.0,0.0,1
34.500,0,0,0.0,0.0,1
34.500,0,0,0.0,0.0,1
34.600,0,0,0.0,0.0,1
34.600,0,0,0.0,0.0,1
34.600,0,0,0.0,0.0,1
34.600,0,0,0.0,0.0,1
34.600,0,0,0.0,0.0,1
34.600,0,0,0.0,0.0,1
34.600,0,0,0.0,0.0,1
34.600,0,0,0.0,0.0,1
34.600,0,0,0.0,0.0,1
34.600,0,0,0.0,0.0,1
34.700,0,0,0.0,0.0,1
34.700,0,0,0.0,0.0,1
34.700,0,0,0.0,0.0,1
34.700,0,0,0.0,0.0,1
34.700,0,0,0.0,0.0,1
34.700,0,0,0.0,0.0,1
34.700,0,0,0.0,0.0,1
34.700,0,0,0.0,0.0,1
34.700,0,0,0.0,0.0,1
34.700,0,0,0.0,0.0,1
34.700,0,0,0.0,0.0,1
34.800,0,0,0.0,0.0,1
34.800,0,0,0.0,0.0,1
34.800,0,0,0.0,0.0,1
34.800,0,0,0.0,0.0,1
34.800,0,0,0.0,0.0,1
34.800,0,0,0.0,0.0,1
34.800,0,0,0.0,0.0,1
34.800,0,0,0.0,0.0,1
34.800,0,0,0.0,0.0,1
34.800,0,0,0.0,0.0,1
34.900,0,0,0.0,0.0,1
34.900,0,0,0.0,0.0,1
34.900,0,0,0.0,0.0,1
34.900,0,0,0.0,0.0,1
34.900,0,0,0.0,0.0,1
34.900,0,0,0.0,0.0,1
34.900,0,0,0.0,0.0,1
34.900,0,0,0.0,0.0,1
34.900,0,0,0.0,0.0,1
34.900,0,0,0.0,0.0,1
34.900,0,0,0.0,0.0,1
35.000,0,0,0.0,0.0,1
35.000,0,0,0.0,0.0,1
35.000,0,0,0.0,0.0,1
35.000,0,0,0.0,0.0,1
35.000,0,0,0.0,0.0,1
35.000,0,0,0.0,0.0,1
35.000,0,0,0.0,0.0,1
35.000,0,0,0.0,0.0,1
35.000,0,0,0.0,0.0,1
35.000,0,0,0.0,0.0,1
35.100,0,0,0.0,0.0,1
35.100,0,0,0.0,0.0,1
35.100,0,0,0.0,0.0,1
35.100,0,0,0.0,0.0,1
35.100,0,0,0.0,0.0,1
35.100,0,0,0.0,0.0,1
35.100,0,0,0.0,0.0,1
35.100,0,0,0.0,0.0,1
35.100,0,0,0.0,0.0,1
35.100,0,0,0.0,0.0,1
35.100,0,0,0.0,0.0,1
35.200,0,0,0.0,0.0,1
35.200,0,0,0.0,0.0,1
35.200,0,0,0.0,0.0,1
35.200,0,0,0.0,0.0,1
35.200,0,0,0.0,0.0,1
35.200,0,0,0.0,0.0,1
35.200,0,0,0.0,0.0,1
35.200,0,0,0.0,0.0,1
35.200,0,0,0.0,0.0,1
35.200,0,0,0.0,0.0,1
35.300,0,0,0.0,0.0,1
35.300,0,0,0.0,0.0,1
35.300,0,0,0.0,0.0,1
35.300,0,0,0.0,0.0,1
35.300,0,0,0.0,0.0,1
35.300,0,0,0.0,0.0,1
35.300,0,0,0.0,0.0,1
35.300,0,0,0.0,0.0,1
35.300,0,0,0.0,0.0,1
35.300,0,0,0.0,0.0,1
35.400,0,0,0.0,0.0,1
35.400,0,0,0.0,0.0,1
35.400,0,0,0.0,0.0,1
35.400,0,0,0.0,0.0,1
35.400,0,0,0.0,0.0,1
35.400,0,0,0.0,0.0,1
35.400,0,0,0.0,0.0,1
35.400,0,0,0.0,0.0,1
35.400,0,0,0.0,0.0,1
35.400,0,0,0.0,0.0,1
35.400,0,0,0.0,0.0,1
35.500,0,0,0.0,0.0,1
35.500,0,0,0.0,0.0,1
35.500,0,0,0.0,0.0,1
35.500,0,0,0.0,0.0,1
35.500,0,0,0.0,0.0,1
35.500,0,0,0.0,0.0,1
35.500,0,0,0.0,0.0,1
35.500,0,0,0.0,0.0,1
35.500,0,0,0.0,0.0,1
35.500,0,0,0.0,0.0,1
35.600,0,0,0.0,0.0,1
35.600,0,0,0.0,0.0,1
35.600,0,0,0.0,0.0,1
35.600,0,0,0.0,0.0,1
35.600,0,0,0.0,0.0,1
35.600,0,0,0.0,0.0,1
35.600,0,0,0.0,0.0,1
35.600,0,0,0.0,0.0,1
35.600,0,0,0.0,0.0,1
35.600,0,0,0.0,0.0,1
35.600,0,0,0.0,0.0,1
35.700,0,0,0.0,0.0,1
35.700,0,0,0.0,0.0,1
35.700,0,0,0.0,0.0,1
35.700,0,0,0.0,0.0,1
35.700,0,0,0.0,0.0,1
35.700,0,0,0.0,0.0,1
35.700,0,0,0.0,0.0,1
35.700,0,0,0.0,0.0,1
35.700,0,0,0.0,0.0,1
35.700,0,0,0.0,0.0,1
35.800,0,0,0.0,0.0,1
35.800,0,0,0.0,0.0,1
35.800,0,0,0.0,0.0,1
35.800,0,0,0.0,0.0,1
35.800,0,0,0.0,0.0,1
35.800,0,0,0.0,0.0,1
35.800,0,0,0.0,0.0,1
35.800,0,0,0.0,0.0,1
35.800,0,0,0.0,0.0,1
35.800,0,0,0.0,0.0,1
35.800,0,0,0.0,0.0,1
35.900,0,0,0.0,0.0,1
35.900,0,0,0.0,0.0,1
35.900,0,0,0.0,0.0,1
35.900,0,0,0.0,0.0,1
35.900,0,0,0.0,0.0,1
35.900,0,0,0.0,0.0,1
35.900,0,0,0.0,0.0,1
35.900,0,0,0.0,0.0,1
35.900,0,0,0.0,0.0,1
35.900,0,0,0.0,0.0,1
36.000,0,0,0.0,0.0,1
36.000,0,0,0.0,0.0,1
36.000,0,0,0.0,0.0,1
36.000,0,0,0.0,0.0,1
36.000,0,0,0.0,0.0,1
36.000,0,0,0.0,0.0,1
36.000,0,0,0.0,0.0,1
36.000,0,0,0.0,0.0,1
36.000,0,0,0.0,0.0,1
36.000,0,0,0.0,0.0,1
36.100,1,2,87.0,-3.0,1
36.100,1,2,87.0,-3.0,1
36.100,1,2,87.0,-3.0,1
36.100,1,2,87.0,-3.0,1
36.100,1,2,87.0,-3.0,1
36.100,1,2,87.0,-3.0,1
36.100,1,2,87.0,-3.0,1
36.100,1,2,87.0,-3.0,1
36.100,1,2,87.0,-3.0,1
36.100,1,2,87.0,-3.0,1
36.100,1,2,87.0,-3.0,1
36.200,1,2,87.0,-3.0,0
36.200,1,2,87.0,-3.0,0
36.200,1,2,87.0,-3.0,0
36.200,1,2,87.0,-3.0,0
36.200,1,2,87.0,-3.0,0
36.200,1,2,87.0,-3.0,0
36.200,1,2,87.0,-3.0,0
36.200,1,2,87.0,-3.0,0
36.200,1,2,87.0,-3.0,0
36.200,1,2,87.0,-3.0,0
36.300,1,2,87.0,-3.0,0
36.300,1,2,87.0,-3.0,0
36.300,1,2,87.0,-3.0,0
36.300,1,2,87.0,-3.0,0
36.300,1,2,87.0,-3.0,0
36.300,1,2,87.0,-3.0,0
36.300,1,2,87.0,-3.0,0
36.300,1,2,87.0,-3.0,0
36.300,1,2,87.0,-3.0,0
36.300,1,2,87.0,-3.0,0
36.300,1,2,87.0,-3.0,0
36.400,1,2,87.0,-3.0,0
36.400,1,2,87.0,-3.0,0
36.400,1,2,87.0,-3.0,0
36.400,1,2,87.0,-3.0,0
36.400,1,2,87.0,-3.0,0
36.400,1,2,87.0,-3.0,0
36.400,1,2,87.0,-3.0,0
36.400,1,2,87.0,-3.0,0
36.400,1,2,87.0,-3.0,0
36.400,1,2,87.0,-3.0,0
36.500,1,2,87.0,-3.0,0
36.500,1,2,87.0,-3.0,0
36.500,1,2,87.0,-3.0,0
36.500,1,2,87.0,-3.0,0
36.500,1,2,87.0,-3.0,0
36.500,1,2,87.0,-3.0,0
36.500,1,2,87.0,-3.0,0
36.500,1,2,87.0,-3.0,0
36.500,1,2,87.0,-3.0,0
36.500,1,2,87.0,-3.0,0
36.500,1,2,87.0,-3.0,0
36.600,1,2,87.0,-3.0,0
36.600,1,2,87.0,-3.0,0
36.600,1,2,87.0,-3.0,0
36.600,1,2,87.0,-3.0,0
36.600,1,2,87.0,-3.0,0
36.600,1,2,87.0,-3.0,0
36.600,1,2,87.0,-3.0,0
36.600,1,2,87.0,-3.0,0
36.600,1,2,87.0,-3.0,0
36.600,1,2,87.0,-3.0,0
36.700,1,2,87.0,-3.0,0
36.700,1,2,87.0,-3.0,0
36.700,1,2,87.0,-3.0,0
36.700,1,2,87.0,-3.0,0
36.700,1,2,87.0,-3.0,0
36.700,1,2,87.0,-3.0,0
36.700,1,2,87.0,-3.0,0
36.700,1,2,87.0,-3.0,0
36.700,1,2,87.0,-3.0,0
36.700,1,2,87.0,-3.0,0
36.800,1,2,87.0,-3.0,0
36.800,1,2,87.0,-3.0,0
36.800,1,2,87.0,-3.0,0
36.800,1,2,87.0,-3.0,0
36.800,1,2,87.0,-3.0,0
36.800,1,2,87.0,-3.0,0
36.800,1,2,87.0,-3.0,0
36.800,1,2,87.0,-3.0,0
36.800,1,2,87.0,-3.0,0
36.800,1,2,87.0,-3.0,0
36.800,1,2,87.0,-3.0,0
36.900,1,2,87.0,-3.0,0
36.900,1,2,87.0,-3.0,0
36.900,1,2,87.0,-3.0,0
36.900,1,2,87.0,-3.0,0
36.900,1,2,87.0,-3.0,0
36.900,1,2,87.0,-3.0,0
36.900,1,2,87.0,-3.0,0
36.900,1,2,87.0,-3.0,0
36.900,1,2,87.0,-3.0,0
36.900,1,2,87.0,-3.0,0
37.000,1,2,87.0,-3.0,0
37.000,1,2,87.0,-3.0,0
37.000,1,2,87.0,-3.0,0
37.000,1,2,87.0,-3.0,0
37.000,1,2,87.0,-3.0,0
37.000,1,2,87.0,-3.0,0
37.000,1,2,87.0,-3.0,0
37.000,1,2,87.0,-3.0,0
37.000,1,2,87.0,-3.0,0
37.000,1,2,87.0,-3.0,0
37.000,1,2,87.0,-3.0,0
37.100,1,2,87.0,-3.0,0
37.100,1,2,87.0,-3.0,0
37.100,1,2,87.0,-3.0,0
37.100,1,2,87.0,-3.0,0
37.100,1,2,87.0,-3.0,0
37.100,1,2,87.0,-3.0,0
37.100,1,2,87.0,-3.0,0
37.100,1,2,87.0,-3.0,0
37.100,1,2,87.0,-3.0,0
37.100,1,2,87.0,-3.0,0
37.200,1,2,87.0,-3.0,0
37.200,1,2,87.0,-3.0,0
37.200,1,2,87.0,-3.0,0
37.200,1,2,87.0,-3.0,0
37.200,1,2,87.0,-3.0,0
37.200,1,2,87.0,-3.0,0
37.200,1,2,87.0,-3.0,0
37.200,1,2,87.0,-3.0,0
37.200,1,2,87.0,-3.0,0
37.200,1,2,87.0,-3.0,0
37.200,1,2,87.0,-3.0,0
37.300,1,2,87.0,-3.0,0
37.300,1,2,87.0,-3.0,0
37.300,1,2,87.0,-3.0,0
37.300,1,2,87.0,-3.0,0
37.300,1,2,87.0,-3.0,0
37.300,1,2,87.0,-3.0,0
37.300,1,2,87.0,-3.0,0
37.300,1,2,87.0,-3.0,0
37.300,1,2,87.0,-3.0,0
37.300,1,2,87.0,-3.0,0
37.400,1,2,87.0,-3.0,0
37.400,1,2,87.0,-3.0,0
37.400,1,2,87.0,-3.0,0
37.400,1,2,87.0,-3.0,0
37.400,1,2,87.0,-3.0,0
37.400,1,2,87.0,-3.0,0
37.400,1,2,87.0,-3.0,0
37.400,1,2,87.0,-3.0,0
37.400,1,2,87.0,-3.0,0
37.400,1,2,87.0,-3.0,0
37.500,1,2,87.0,-3.0,0
37.500,1,2,87.0,-3.0,0
37.500,1,2,87.0,-3.0,0
37.500,1,2,87.0,-3.0,0
37.500,1,2,87.0,-3.0,0
37.500,1,2,87.0,-3.0,0
37.500,1,2,87.0,-3.0,0
37.500,1,2,87.0,-3.0,0
37.500,1,2,87.0,-3.0,0
37.500,1,2,87.0,-3.0,0
37.500,1,2,87.0,-3.0,0
37.600,1,2,87.0,-3.0,0
37.600,1,2,87.0,-3.0,0
37.600,1,2,87.0,-3.0,0
37.600,1,2,87.0,-3.0,0
37.600,1,2,87.0,-3.0,0
37.600,1,2,87.0,-3.0,0
37.600,1,2,87.0,-3.0,0
37.600,1,2,87.0,-3.0,0
37.600,1,2,87.0,-3.0,0
37.600,1,2,87.0,-3.0,0
37.700,1,2,87.0,-3.0,0
37.700,1,2,87.0,-3.0,0
37.700,1,2,87.0,-3.0,0
37.700,1,2,87.0,-3.0,0
37.700,1,2,87.0,-3.0,0
37.700,1,2,87.0,-3.0,0
37.700,1,2,87.0,-3.0,0
37.700,1,2,87.0,-3.0,0
37.700,1,2,87.0,-3.0,0
37.700,1,2,87.0,-3.0,0
37.700,1,2,87.0,-3.0,0
37.800,1,2,87.0,-3.0,0
37.800,1,2,87.0,-3.0,0
37.800,1,2,87.0,-3.0,0
37.800,1,2,87.0,-3.0,0
37.800,1,2,87.0,-3.0,0
37.800,1,2,87.0,-3.0,0
37.800,1,2,87.0,-3.0,0
37.800,1,2,87.0,-3.0,0
37.800,1,2,87.0,-3.0,0
37.800,1,2,87.0,-3.0,0
37.900,1,2,87.0,-3.0,0
37.900,1,2,87.0,-3.0,0
37.900,1,2,87.0,-3.0,0
37.900,1,2,87.0,-3.0,0
37.900,1,2,87.0,-3.0,0
37.900,1,2,87.0,-3.0,0
37.900,1,2,87.0,-3.0,0
37.900,1,2,87.0,-3.0,0
37.900,1,2,87.0,-3.0,0
37.900,1,2,87.0,-3.0,0
37.900,1,2,87.0,-3.0,0
38.000,1,2,87.0,-3.0,0
38.000,1,2,87.0,-3.0,0
38.000,1,2,87.0,-3.0,0
38.000,1,2,87.0,-3.0,0
38.000,1,2,87.0,-3.0,0
38.000,1,2,87.0,-3.0,0
38.000,1,2,87.0,-3.0,0
38.000,1,2,87.0,-3.0,0
38.000,1,2,87.0,-3.0,0
38.000,1,2,87.0,-3.0,0
38.100,1,2,87.0,-3.0,0
38.100,1,2,87.0,-3.0,0
38.100,1,2,87.0,-3.0,0
38.100,1,2,87.0,-3.0,0
38.100,1,2,87.0,-3.0,0
38.100,1,2,87.0,-3.0,0
38.100,1,2,87.0,-3.0,0
38.100,1,2,87.0,-3.0,0
38.100,1,2,87.0,-3.0,0
38.100,1,2,87.0,-3.0,0
38.100,1,2,87.0,-3.0,0
38.200,1,2,87.0,-3.0,0
38.200,1,2,87.0,-3.0,0
38.200,1,2,87.0,-3.0,0
38.200,1,2,87.0,-3.0,0
38.200,1,2,87.0,-3.0,0
38.200,1,2,87.0,-3.0,0
38.200,1,2,87.0,-3.0,0
38.200,1,2,87.0,-3.0,0
38.200,1,2,87.0,-3.0,0
38.200,1,2,87.0,-3.0,0
38.300,1,2,87.0,-3.0,0
38.300,1,2,87.0,-3.0,0
38.300,1,2,87.0,-3.0,0
38.300,1,2,87.0,-3.0,0
38.300,1,2,87.0,-3.0,0
38.300,1,2,87.0,-3.0,0
38.300,1,2,87.0,-3.0,0
38.300,1,2,87.0,-3.0,0
38.300,1,2,87.0,-3.0,0
38.300,1,2,87.0,-3.0,0
38.400,1,2,87.0,-3.0,0
38.400,1,2,87.0,-3.0,0
38.400,1,2,87.0,-3.0,0
38.400,1,2,87.0,-3.0,0
38.400,1,2,87.0,-3.0,0
38.400,1,2,87.0,-3.0,0
38.400,1,2,87.0,-3.0,0
38.400,1,2,87.0,-3.0,0
38.400,1,2,87.0,-3.0,0
38.400,1,2,87.0,-3.0,0
38.400,1,2,87.0,-3.0,0
38.500,1,2,87.0,-3.0,0
38.500,1,2,87.0,-3.0,0
38.500,1,2,87.0,-3.0,0
38.500,1,2,87.0,-3.0,0
38.500,1,2,87.0,-3.0,0
38.500,1,2,87.0,-3.0,0
38.500,1,2,87.0,-3.0,0
38.500,1,2,87.0,-3.0,0
38.500,1,2,87.0,-3.0,0
38.500,1,2,87.0,-3.0,0
38.600,1,2,87.0,-3.0,0
38.600,1,2,87.0,-3.0,0
38.600,1,2,87.0,-3.0,0
38.600,1,2,87.0,-3.0,0
38.600,1,2,87.0,-3.0,0
38.600,1,2,87.0,-3.0,0
38.600,1,2,87.0,-3.0,0
38.600,1,2,87.0,-3.0,0
38.600,1,2,87.0,-3.0,0
38.600,1,2,87.0,-3.0,0
38.600,1,2,87.0,-3.0,0
38.700,1,2,87.0,-3.0,0
38.700,1,2,87.0,-3.0,0
38.700,1,2,87.0,-3.0,0
38.700,1,2,87.0,-3.0,0
38.700,1,2,87.0,-3.0,0
38.700,1,2,87.0,-3.0,0
38.700,1,2,87.0,-3.0,0
38.700,1,2,87.0,-3.0,0
38.700,1,2,87.0,-3.0,0
38.700,1,2,87.0,-3.0,0
38.800,1,2,87.0,-3.0,0
38.800,1,2,87.0,-3.0,0
38.800,1,2,87.0,-3.0,0
38.800,1,2,87.0,-3.0,0
38.800,1,2,87.0,-3.0,0
38.800,1,2,87.0,-3.0,0
38.800,1,2,87.0,-3.0,0
38.800,1,2,87.0,-3.0,0
38.800,1,2,87.0,-3.0,0
38.800,1,2,87.0,-3.0,0
38.800,1,2,87.0,-3.0,0
38.900,1,2,87.0,-3.0,0
38.900,1,2,87.0,-3.0,0
38.900,1,2,87.0,-3.0,0
38.900,1,2,87.0,-3.0,0
38.900,1,2,87.0,-3.0,0
38.900,1,2,87.0,-3.0,0
38.900,1,2,87.0,-3.0,0
38.900,1,2,87.0,-3.0,0
38.900,1,2,87.0,-3.0,0
38.900,1,2,87.0,-3.0,0
39.000,1,2,87.0,-3.0,0
39.000,1,2,87.0,-3.0,0
39.000,1,2,87.0,-3.0,0
39.000,1,2,87.0,-3.0,0
39.000,1,2,87.0,-3.0,0
39.000,1,2,87.0,-3.0,0
39.000,1,2,87.0,-3.0,0
39.000,1,2,87.0,-3.0,0
39.000,1,2,87.0,-3.0,0
39.000,1,2,87.0,-3.0,0
39.100,1,2,87.0,-3.0,0
39.100,1,2,87.0,-3.0,0
39.100,1,2,87.0,-3.0,0
39.100,1,2,87.0,-3.0,0
39.100,1,2,87.0,-3.0,0
39.100,1,2,87.0,-3.0,0
39.100,1,2,87.0,-3.0,0
39.100,1,2,87.0,-3.0,0
39.100,1,2,87.0,-3.0,0
39.100,1,2,87.0,-3.0,0
39.100,1,2,87.0,-3.0,0
39.200,1,2,87.0,-3.0,0
39.200,1,2,87.0,-3.0,0
39.200,1,2,87.0,-3.0,0
39.200,1,2,87.0,-3.0,0
39.200,1,2,87.0,-3.0,0
39.200,1,2,87.0,-3.0,0
39.200,1,2,87.0,-3.0,0
39.200,1,2,87.0,-3.0,0
39.200,1,2,87.0,-3.0,0
39.200,1,2,87.0,-3.0,0
39.300,1,2,87.0,-3.0,0
39.300,1,2,87.0,-3.0,0
39.300,1,2,87.0,-3.0,0
39.300,1,2,87.0,-3.0,0
39.300,1,2,87.0,-3.0,0
39.300,1,2,87.0,-3.0,0
39.300,1,2,87.0,-3.0,0
39.300,1,2,87.0,-3.0,0
39.300,1,2,87.0,-3.0,0
39.300,1,2,87.0,-3.0,0
39.300,1,2,87.0,-3.0,0
39.400,1,2,87.0,-3.0,0
39.400,1,2,87.0,-3.0,0
39.400,1,2,87.0,-3.0,0
39.400,1,2,87.0,-3.0,0
39.400,1,2,87.0,-3.0,0
39.400,1,2,87.0,-3.0,0
39.400,1,2,87.0,-3.0,0
39.400,1,2,87.0,-3.0,0
39.400,1,2,87.0,-3.0,0
39.400,1,2,87.0,-3.0,0
39.500,1,2,87.0,-3.0,0
39.500,1,2,87.0,-3.0,0
39.500,1,2,87.0,-3.0,0
39.500,1,2,87.0,-3.0,0
39.500,1,2,87.0,-3.0,0
39.500,1,2,87.0,-3.0,0
39.500,1,2,87.0,-3.0,0
39.500,1,2,87.0,-3.0,0
39.500,1,2,87.0,-3.0,0
39.500,1,2,87.0,-3.0,0
39.500,1,2,87.0,-3.0,0
39.600,1,2,87.0,-3.0,0
39.600,1,2,87.0,-3.0,0
39.600,1,2,87.0,-3.0,0
39.600,1,2,87.0,-3.0,0
39.600,1,2,87.0,-3.0,0
39.600,1,2,87.0,-3.0,0
39.600,1,2,87.0,-3.0,0
39.600,1,2,87.0,-3.0,0
39.600,1,2,87.0,-3.0,0
39.600,1,2,87.0,-3.0,0
39.700,1,2,87.0,-3.0,0
39.700,1,2,87.0,-3.0,0
39.700,1,2,87.0,-3.0,0
39.700,1,2,87.0,-3.0,0
39.700,1,2,87.0,-3.0,0
39.700,1,2,87.0,-3.0,0
39.700,1,2,87.0,-3.0,0
39.700,1,2,87.0,-3.0,0
39.700,1,2,87.0,-3.0,0
39.700,1,2,87.0,-3.0,0
39.800,1,2,87.0,-3.0,0
39.800,1,2,87.0,-3.0,0
39.800,1,2,87.0,-3.0,0
39.800,1,2,87.0,-3.0,0
39.800,1,2,87.0,-3.0,0
39.800,1,2,87.0,-3.0,0
39.800,1,2,87.0,-3.0,0
39.800,1,2,87.0,-3.0,0
39.800,1,2,87.0,-3.0,0
39.800,1,2,87.0,-3.0,0
39.800,1,2,87.0,-3.0,0
39.900,1,2,87.0,-3.0,0
39.900,1,2,87.0,-3.0,0
39.900,1,2,87.0,-3.0,0
39.900,1,2,87.0,-3.0,0
39.900,1,2,87.0,-3.0,0
39.900,1,2,87.0,-3.0,0
39.900,1,2,87.0,-3.0,0
39.900,1,2,87.0,-3.0,0
39.900,1,2,87.0,-3.0,0
39.900,1,2,87.0,-3.0,0
40.000,1,2,87.0,-3.0,0
40.000,1,2,87.0,-3.0,0
40.000,1,2,87.0,-3.0,0
40.000,1,2,87.0,-3.0,0
40.000,1,2,87.0,-3.0,0
40.000,1,2,87.0,-3.0,0
40.000,1,2,87.0,-3.0,0
40.000,1,2,87.0,-3.0,0
40.000,1,2,87.0,-3.0,0
40.000,1,2,87.0,-3.0,0
40.000,1,2,87.0,-3.0,0
40.100,1,2,87.0,-3.0,0
40.100,1,2,87.0,-3.0,0
40.100,1,2,87.0,-3.0,0
40.100,1,2,87.0,-3.0,0
40.100,1,2,87.0,-3.0,0
40.100,1,2,87.0,-3.0,0
40.100,1,2,87.0,-3.0,0
40.100,1,2,87.0,-3.0,0
40.100,1,2,87.0,-3.0,0
40.100,1,2,87.0,-3.0,0
40.200,1,2,87.0,-3.0,0
40.200,1,2,87.0,-3.0,0
40.200,1,2,87.0,-3.0,0
40.200,1,2,87.0,-3.0,0
40.200,1,2,87.0,-3.0,0
40.200,1,2,87.0,-3.0,0
40.200,1,2,87.0,-3.0,0
40.200,1,2,87.0,-3.0,0
40.200,1,2,87.0,-3.0,0
40.200,1,2,87.0,-3.0,0
40.200,1,2,87.0,-3.0,0
40.300,1,2,87.0,-3.0,0
40.300,1,2,87.0,-3.0,0
40.300,1,2,87.0,-3.0,0
40.300,1,2,87.0,-3.0,0
40.300,1,2,87.0,-3.0,0
40.300,1,2,87.0,-3.0,0
40.300,1,2,87.0,-3.0,0
40.300,1,2,87.0,-3.0,0
40.300,1,2,87.0,-3.0,0
40.300,1,2,87.0,-3.0,0
40.400,1,2,87.0,-3.0,0
40.400,1,2,87.0,-3.0,0
40.400,1,2,87.0,-3.0,0
40.400,1,2,87.0,-3.0,0
40.400,1,2,87.0,-3.0,0
40.400,1,2,87.0,-3.0,0
40.400,1,2,87.0,-3.0,0
40.400,1,2,87.0,-3.0,0
40.400,1,2,87.0,-3.0,0
40.400,1,2,87.0,-3.0,0
40.400,1,2,87.0,-3.0,0
40.500,1,2,87.0,-3.0,0
40.500,1,2,87.0,-3.0,0
40.500,1,2,87.0,-3.0,0
40.500,1,2,87.0,-3.0,0
40.500,1,2,87.0,-3.0,0
40.500,1,2,87.0,-3.0,0
40.500,1,2,87.0,-3.0,0
40.500,1,2,87.0,-3.0,0
40.500,1,2,87.0,-3.0,0
40.500,1,2,87.0,-3.0,0
40.600,1,2,87.0,-3.0,0
40.600,1,2,87.0,-3.0,0
40.600,1,2,87.0,-3.0,0
40.600,1,2,87.0,-3.0,0
40.600,1,2,87.0,-3.0,0
40.600,1,2,87.0,-3.0,0
40.600,1,2,87.0,-3.0,0
40.600,1,2,87.0,-3.0,0
40.600,1,2,87.0,-3.0,0
40.600,1,2,87.0,-3.0,0
40.700,1,2,87.0,-3.0,0
40.700,1,2,87.0,-3.0,0
40.700,1,2,87.0,-3.0,0
40.700,1,2,87.0,-3.0,0
40.700,1,2,87.0,-3.0,0
40.700,1,2,87.0,-3.0,0
40.700,1,2,87.0,-3.0,0
40.700,1,2,87.0,-3.0,0
40.700,1,2,87.0,-3.0,0
40.700,1,2,87.0,-3.0,0
40.700,1,2,87.0,-3.0,0
40.800,1,2,87.0,-3.0,0
40.800,1,2,87.0,-3.0,0
40.800,1,2,87.0,-3.0,0
40.800,1,2,87.0,-3.0,0
40.800,1,2,87.0,-3.0,0
40.800,1,2,87.0,-3.0,0
40.800,1,2,87.0,-3.0,0
40.800,1,2,87.0,-3.0,0
40.800,1,2,87.0,-3.0,0
40.800,1,2,87.0,-3.0,0
40.900,1,2,87.0,-3.0,0
40.900,1,2,87.0,-3.0,0
40.900,1,2,87.0,-3.0,0
40.900,1,2,87.0,-3.0,0
40.900,1,2,87.0,-3.0,0
40.900,1,2,87.0,-3.0,0
40.900,1,2,87.0,-3.0,0
40.900,1,2,87.0,-3.0,0
40.900,1,2,87.0,-3.0,0
40.900,1,2,87.0,-3.0,0
40.900,1,2,87.0,-3.0,0
41.000,1,2,87.0,-3.0,0
41.000,1,2,87.0,-3.0,0
41.000,1,2,87.0,-3.0,0
41.000,1,2,87.0,-3.0,0
41.000,1,2,87.0,-3.0,0
41.000,1,2,87.0,-3.0,0
41.000,1,2,87.0,-3.0,0
41.000,1,2,87.0,-3.0,0
41.000,1,2,87.0,-3.0,0
41.000,1,2,87.0,-3.0,0
41.100,1,2,87.0,-3.0,0
41.100,1,2,87.0,-3.0,0
41.100,1,2,87.0,-3.0,0
41.100,1,2,87.0,-3.0,0
41.100,1,2,87.0,-3.0,0
41.100,1,2,87.0,-3.0,0
41.100,1,2,87.0,-3.0,0
41.100,1,2,87.0,-3.0,0
41.100,1,2,87.0,-3.0,0
41.100,1,2,87.0,-3.0,0
41.100,1,2,87.0,-3.0,0
41.200,0,0,0.0,0.0,0
41.200,0,0,0.0,0.0,0
41.200,0,0,0.0,0.0,0
41.200,0,0,0.0,0.0,0
41.200,0,0,0.0,0.0,0
41.200,0,0,0.0,0.0,0
41.200,0,0,0.0,0.0,0
41.200,0,0,0.0,0.0,0
41.200,0,0,0.0,0.0,0
41.200,0,0,0.0,0.0,0
41.300,0,0,0.0,0.0,0
41.300,0,0,0.0,0.0,0
41.300,0,0,0.0,0.0,0
41.300,0,0,0.0,0.0,0
41.300,0,0,0.0,0.0,0
41.300,0,0,0.0,0.0,0
41.300,0,0,0.0,0.0,0
41.300,0,0,0.0,0.0,0
41.300,0,0,0.0,0.0,0
41.300,0,0,0.0,0.0,0
41.400,0,0,0.0,0.0,0
41.400,0,0,0.0,0.0,0
41.400,0,0,0.0,0.0,0
41.400,0,0,0.0,0.0,0
41.400,0,0,0.0,0.0,0
41.400,0,0,0.0,0.0,0
41.400,0,0,0.0,0.0,0
41.400,0,0,0.0,0.0,0
41.400,0,0,0.0,0.0,0
41.400,0,0,0.0,0.0,0
41.400,0,0,0.0,0.0,0
41.500,0,0,0.0,0.0,0
41.500,0,0,0.0,0.0,0
41.500,0,0,0.0,0.0,0
41.500,0,0,0.0,0.0,0
41.500,0,0,0.0,0.0,0
41.500,0,0,0.0,0.0,0
41.500,0,0,0.0,0.0,0
41.500,0,0,0.0,0.0,0
41.500,0,0,0.0,0.0,0
41.500,0,0,0.0,0.0,0
41.600,0,0,0.0,0.0,0
41.600,0,0,0.0,0.0,0
41.600,0,0,0.0,0.0,0
41.600,0,0,0.0,0.0,0
41.600,0,0,0.0,0.0,0
41.600,0,0,0.0,0.0,0
41.600,0,0,0.0,0.0,0
41.600,0,0,0.0,0.0,0
41.600,0,0,0.0,0.0,0
41.600,0,0,0.0,0.0,0
41.600,0,0,0.0,0.0,0
41.700,0,0,0.0,0.0,0
41.700,0,0,0.0,0.0,0
41.700,0,0,0.0,0.0,0
41.700,0,0,0.0,0.0,0
41.700,0,0,0.0,0.0,0
41.700,0,0,0.0,0.0,0
41.700,0,0,0.0,0.0,0
41.700,0,0,0.0,0.0,0
41.700,0,0,0.0,0.0,0
41.700,0,0,0.0,0.0,0
41.800,0,0,0.0,0.0,0
41.800,0,0,0.0,0.0,0
41.800,0,0,0.0,0.0,0
41.800,0,0,0.0,0.0,0
41.800,0,0,0.0,0.0,0
41.800,0,0,0.0,0.0,0
41.800,0,0,0.0,0.0,0
41.800,0,0,0.0,0.0,0
41.800,0,0,0.0,0.0,0
41.800,0,0,0.0,0.0,0
41.800,0,0,0.0,0.0,0
41.900,0,0,0.0,0.0,0
41.900,0,0,0.0,0.0,0
41.900,0,0,0.0,0.0,0
41.900,0,0,0.0,0.0,0
41.900,0,0,0.0,0.0,0
41.900,0,0,0.0,0.0,0
41.900,0,0,0.0,0.0,0
41.900,0,0,0.0,0.0,0
41.900,0,0,0.0,0.0,0
41.900,0,0,0.0,0.0,0
42.000,0,0,0.0,0.0,0
42.000,0,0,0.0,0.0,0
42.000,0,0,0.0,0.0,0
42.000,0,0,0.0,0.0,0
42.000,0,0,0.0,0.0,0
42.000,0,0,0.0,0.0,0
42.000,0,0,0.0,0.0,0
42.000,0,0,0.0,0.0,0
42.000,0,0,0.0,0.0,0
42.000,0,0,0.0,0.0,0
42.100,0,0,0.0,0.0,0
42.100,0,0,0.0,0.0,0
42.100,0,0,0.0,0.0,0
42.100,0,0,0.0,0.0,0
42.100,0,0,0.0,0.0,0
42.100,0,0,0.0,0.0,0
42.100,0,0,0.0,0.0,0
42.100,0,0,0.0,0.0,0
42.100,0,0,0.0,0.0,0
42.100,0,0,0.0,0.0,0
42.100,0,0,0.0,0.0,0
42.200,0,0,0.0,0.0,0
42.200,0,0,0.0,0.0,0
42.200,0,0,0.0,0.0,0
42.200,0,0,0.0,0.0,0
42.200,0,0,0.0,0.0,0
42.200,0,0,0.0,0.0,0
42.200,0,0,0.0,0.0,0
42.200,0,0,0.0,0.0,0
42.200,0,0,0.0,0.0,0
42.200,0,0,0.0,0.0,0
42.300,0,0,0.0,0.0,0
42.300,0,0,0.0,0.0,0
42.300,0,0,0.0,0.0,0
42.300,0,0,0.0,0.0,0
42.300,0,0,0.0,0.0,0
42.300,0,0,0.0,0.0,0
42.300,0,0,0.0,0.0,0
42.300,0,0,0.0,0.0,0
42.300,0,0,0.0,0.0,0
42.300,0,0,0.0,0.0,0
42.300,0,0,0.0,0.0,0
42.400,0,0,0.0,0.0,0
42.400,0,0,0.0,0.0,0
42.400,0,0,0.0,0.0,0
42.400,0,0,0.0,0.0,0
42.400,0,0,0.0,0.0,0
42.400,0,0,0.0,0.0,0
42.400,0,0,0.0,0.0,0
42.400,0,0,0.0,0.0,0
42.400,0,0,0.0,0.0,0
42.400,0,0,0.0,0.0,0
42.500,0,0,0.0,0.0,0
42.500,0,0,0.0,0.0,0
42.500,0,0,0.0,0.0,0
42.500,0,0,0.0,0.0,0
42.500,0,0,0.0,0.0,0
42.500,0,0,0.0,0.0,0
42.500,0,0,0.0,0.0,0
42.500,0,0,0.0,0.0,0
42.500,0,0,0.0,0.0,0
42.500,0,0,0.0,0.0,0
42.500,0,0,0.0,0.0,0
42.600,0,0,0.0,0.0,0
42.600,0,0,0.0,0.0,0
42.600,0,0,0.0,0.0,0
42.600,0,0,0.0,0.0,0
42.600,0,0,0.0,0.0,0
42.600,0,0,0.0,0.0,0
42.600,0,0,0.0,0.0,0
42.600,0,0,0.0,0.0,0
42.600,0,0,0.0,0.0,0
42.600,0,0,0.0,0.0,0
42.700,0,0,0.0,0.0,0
42.700,0,0,0.0,0.0,0
42.700,0,0,0.0,0.0,0
42.700,0,0,0.0,0.0,0
42.700,0,0,0.0,0.0,0
42.700,0,0,0.0,0.0,0
42.700,0,0,0.0,0.0,0
42.700,0,0,0.0,0.0,0
42.700,0,0,0.0,0.0,0
42.700,0,0,0.0,0.0,0
42.700,0,0,0.0,0.0,0
42.800,0,0,0.0,0.0,0
42.800,0,0,0.0,0.0,0
42.800,0,0,0.0,0.0,0
42.800,0,0,0.0,0.0,0
42.800,0,0,0.0,0.0,0
42.800,0,0,0.0,0.0,0
42.800,0,0,0.0,0.0,0
42.800,0,0,0.0,0.0,0
42.800,0,0,0.0,0.0,0
42.800,0,0,0.0,0.0,0
